customer_id,failed_transfers_count,declines_count,txn_frequency_change,app_sessions_change,days_since_last_complaint,avg_resolution_delay
CUST00000,1,1,-0.0359,0.0569,18.9,19.0
CUST00001,0,0,0.2642,-0.0206,42.5,5.5
CUST00002,1,0,-0.0166,0.0432,67.3,13.7
CUST00003,2,1,-0.1348,-0.6566,47.8,73.6
CUST00004,1,0,0.0997,0.0342,49.3,8.6
CUST00005,0,0,0.0981,0.0647,77.5,11.2
CUST00006,5,2,-0.2148,-0.2725,3.7,38.2
CUST00007,0,0,0.1335,0.0557,2.8,2.5
CUST00008,2,4,-0.4019,-0.4031,5.5,66.9
CUST00009,0,0,0.063,0.1183,80.6,2.5
CUST00010,0,0,0.0459,-0.0455,18.2,8.4
CUST00011,1,1,0.2151,0.1924,34.3,8.9
CUST00012,0,0,0.0591,0.0844,6.4,11.6
CUST00013,3,3,-0.2436,-0.2847,3.9,72.0
CUST00014,0,1,-0.1647,0.0037,148.5,7.8
CUST00015,0,1,0.0255,0.0977,18.1,9.0
CUST00016,1,0,0.3314,0.2293,19.6,15.1
CUST00017,2,0,0.0208,0.0097,69.9,13.2
CUST00018,0,0,-0.1034,0.1064,71.7,11.5
CUST00019,0,0,-0.0678,0.0982,186.4,12.6
CUST00020,2,1,-0.1067,-0.1982,11.2,76.7
CUST00021,0,0,-0.0071,0.1014,8.0,13.9
CUST00022,5,5,0.0691,-0.361,1.7,105.3
CUST00023,4,1,-0.2593,-0.168,8.6,81.7
CUST00024,0,0,-0.579,-0.5793,3.2,18.7
CUST00025,1,4,-0.5021,-0.4976,13.4,87.7
CUST00026,1,2,-0.2158,-0.3578,14.0,78.0
CUST00027,0,0,0.2577,0.0269,1.7,20.6
CUST00028,0,0,0.0207,0.2137,4.6,4.3
CUST00029,6,1,-0.1802,-0.1029,0.9,63.7
CUST00030,2,4,-0.2102,-0.6322,9.2,72.2
CUST00031,2,3,-0.4212,-0.4097,0.4,35.6
CUST00032,0,0,0.1207,0.0863,48.7,16.5
CUST00033,0,0,0.0429,0.0534,9.6,5.9
CUST00034,0,0,0.0247,0.0563,115.4,2.7
CUST00035,2,0,-0.1152,-0.1081,235.7,7.8
CUST00036,2,1,-0.4351,-0.2729,5.5,79.8
CUST00037,0,0,0.0088,0.1563,10.0,0.0
CUST00038,1,0,0.0358,0.0815,202.4,13.3
CUST00039,0,0,0.0677,0.1413,16.2,0.0
CUST00040,0,0,-0.0817,0.1036,10.3,31.1
CUST00041,3,4,-0.6178,-0.4853,1.0,19.0
CUST00042,2,0,-0.1748,-0.527,0.0,65.4
CUST00043,1,0,0.1267,-0.094,126.1,15.6
CUST00044,4,0,-0.1404,0.0395,0.6,61.8
CUST00045,1,0,0.1135,0.094,13.2,14.7
CUST00046,4,0,-0.0104,-0.1412,3.1,75.5
CUST00047,0,0,-0.1287,0.0077,64.8,20.5
CUST00048,3,3,-0.2333,-0.4004,5.9,76.0
CUST00049,6,0,-0.337,-0.4706,6.4,62.8
CUST00050,3,3,-0.2753,-0.2643,2.0,77.4
CUST00051,0,0,-0.0085,0.0153,0.4,3.9
CUST00052,6,2,-0.5356,-0.4866,11.8,61.0
CUST00053,3,2,-0.4716,-0.306,17.7,53.5
CUST00054,0,0,0.0182,-0.0667,153.0,7.4
CUST00055,1,1,0.109,-0.0951,25.2,19.5
CUST00056,1,0,0.0978,-0.0962,7.4,23.0
CUST00057,0,0,0.0535,-0.0083,31.6,13.8
CUST00058,0,0,0.0874,0.0832,43.4,14.6
CUST00059,1,0,0.1267,0.0321,147.5,18.6
CUST00060,0,0,0.1256,0.0579,30.6,23.5
CUST00061,1,0,-0.1608,-0.0164,59.3,12.3
CUST00062,4,6,-0.2636,0.169,6.5,102.4
CUST00063,2,3,-0.3095,-0.5429,5.4,35.0
CUST00064,4,3,-0.2529,-0.4512,0.4,80.9
CUST00065,0,1,-0.0295,0.1504,58.3,23.9
CUST00066,0,0,0.0503,-0.055,104.8,10.5
CUST00067,1,3,-0.2794,0.0238,20.3,26.0
CUST00068,6,2,-0.5061,-0.517,7.9,124.1
CUST00069,1,0,0.0649,0.0566,63.8,1.4
CUST00070,0,1,0.1508,-0.0057,4.0,27.5
CUST00071,0,0,-0.0151,-0.0474,28.8,5.0
CUST00072,0,0,0.1825,0.0156,100.2,15.3
CUST00073,1,0,-0.1785,0.0287,76.2,5.7
CUST00074,0,0,0.1467,0.1717,62.0,14.4
CUST00075,1,0,0.0053,0.015,23.9,5.3
CUST00076,0,0,0.212,0.0564,2.2,21.5
CUST00077,0,0,0.0061,-0.0195,47.6,14.1
CUST00078,3,1,-0.3813,-0.2392,8.1,110.4
CUST00079,2,1,-0.4412,-0.1447,3.8,79.1
CUST00080,1,3,-0.1957,-0.5784,2.8,85.9
CUST00081,1,1,-0.1015,0.1029,48.5,0.0
CUST00082,1,4,-0.2107,-0.6942,30.0,83.3
CUST00083,0,0,0.0756,0.0852,52.0,16.1
CUST00084,0,0,0.0681,-0.0711,50.1,19.4
CUST00085,0,0,-0.2456,-0.1047,52.3,6.7
CUST00086,7,4,-0.1317,-0.3119,15.5,40.1
CUST00087,2,3,-0.1634,-0.4819,3.3,39.8
CUST00088,1,1,0.1825,0.053,16.7,16.0
CUST00089,1,0,-0.1435,-0.1068,283.3,10.1
CUST00090,0,0,0.1481,-0.0965,13.3,4.3
CUST00091,0,0,-0.1067,-0.0524,220.6,9.1
CUST00092,1,0,-0.0135,-0.0963,29.2,17.8
CUST00093,0,1,0.0381,-0.1421,58.1,19.5
CUST00094,0,0,0.0739,0.1778,62.2,11.6
CUST00095,0,0,0.0457,0.0279,79.7,16.3
CUST00096,2,0,0.1578,-0.102,49.8,13.2
CUST00097,1,0,0.1148,-0.1292,37.4,11.0
CUST00098,7,2,-0.3848,-0.3379,7.4,73.0
CUST00099,1,2,-0.3012,-0.1454,1.0,35.4
CUST00100,2,1,0.2403,-0.0253,77.1,20.2
CUST00101,3,0,-0.4897,-0.4525,17.7,94.8
CUST00102,0,0,-0.0868,0.001,76.3,12.9
CUST00103,3,3,-0.1857,0.022,6.9,47.3
CUST00104,4,4,-0.482,-0.2779,7.8,102.2
CUST00105,3,1,-0.3645,-0.4086,9.3,79.7
CUST00106,0,0,0.067,-0.0262,107.0,9.9
CUST00107,5,3,-0.0583,-0.5001,4.0,70.2
CUST00108,1,0,-0.3838,-0.3537,13.9,78.7
CUST00109,1,0,0.1372,-0.0362,27.4,2.4
CUST00110,0,0,0.0601,-0.1808,44.6,3.5
CUST00111,0,0,0.005,-0.0876,128.1,20.6
CUST00112,4,1,-0.126,-0.7043,4.7,68.8
CUST00113,1,1,-0.0662,-0.0477,140.3,1.8
CUST00114,3,5,-0.3679,-0.2871,2.7,64.0
CUST00115,3,0,-0.0437,-0.2223,0.9,57.7
CUST00116,2,0,0.0588,0.0592,10.0,11.3
CUST00117,0,1,-0.0611,0.1389,19.9,1.9
CUST00118,0,1,-0.029,0.033,25.5,1.3
CUST00119,0,0,0.0037,0.1197,248.8,14.4
CUST00120,0,0,0.1659,0.3057,120.5,12.4
CUST00121,0,0,0.0327,0.1165,3.1,16.2
CUST00122,1,4,-0.3502,-0.4459,24.1,74.3
CUST00123,2,0,0.1272,-0.008,68.1,23.2
CUST00124,0,0,0.0563,0.0308,19.1,18.2
CUST00125,0,2,-0.0299,-0.0152,8.6,18.8
CUST00126,1,2,-0.4413,-0.2751,0.5,77.3
CUST00127,1,1,0.3313,-0.1509,41.0,7.1
CUST00128,0,0,0.2621,0.0434,5.1,4.0
CUST00129,0,0,0.0537,0.0373,11.1,10.6
CUST00130,3,4,-0.41,-0.3172,1.3,67.8
CUST00131,0,1,0.0985,-0.0878,16.7,24.7
CUST00132,0,0,0.0992,-0.0421,108.7,6.0
CUST00133,4,1,-0.2084,-0.1621,0.6,65.3
CUST00134,1,0,-0.0047,-0.1784,16.4,12.1
CUST00135,1,0,0.1428,0.2773,34.5,7.9
CUST00136,0,0,0.0556,0.0696,70.2,9.7
CUST00137,0,0,-0.1719,0.167,4.4,20.0
CUST00138,0,1,-0.0581,-0.358,8.4,65.9
CUST00139,0,1,0.0698,-0.0985,38.1,13.2
CUST00140,2,2,-0.2972,-0.0014,6.6,16.3
CUST00141,1,0,0.1623,0.0155,78.7,14.5
CUST00142,5,3,-0.4152,-0.0049,3.2,38.3
CUST00143,3,1,0.036,-0.4354,5.9,110.1
CUST00144,5,1,-0.3487,-0.1662,2.3,58.2
CUST00145,1,2,-0.4583,-0.4606,4.3,60.3
CUST00146,5,4,-0.2971,-0.2986,12.4,100.3
CUST00147,3,2,-0.0973,-0.1361,7.5,77.9
CUST00148,1,0,-0.1211,-0.0015,25.6,10.3
CUST00149,0,0,0.0745,0.0346,84.5,20.4
CUST00150,0,0,-0.1235,0.07,53.2,11.1
CUST00151,7,2,0.0609,-0.192,5.0,74.0
CUST00152,1,0,0.096,0.1194,99.4,23.3
CUST00153,0,0,-0.0044,0.1611,86.8,13.6
CUST00154,3,4,-0.3825,-0.0125,2.4,57.9
CUST00155,1,1,0.0286,0.0864,164.3,16.7
CUST00156,1,0,0.0663,0.1487,9.0,11.8
CUST00157,1,0,0.01,-0.0071,0.1,6.8
CUST00158,2,2,-0.3835,-0.6171,2.8,31.4
CUST00159,1,0,0.0893,-0.0662,10.6,3.1
CUST00160,2,3,-0.2628,-0.2876,0.3,46.1
CUST00161,2,0,0.0474,-0.0203,103.8,10.1
CUST00162,1,0,0.0333,0.095,2.5,8.9
CUST00163,3,0,-0.0194,-0.1621,7.0,18.6
CUST00164,1,0,0.2005,-0.0461,3.7,20.5
CUST00165,4,1,-0.3189,-0.126,13.2,48.4
CUST00166,0,0,0.0079,-0.0334,0.0,7.7
CUST00167,5,3,-0.2961,-0.2091,3.9,96.3
CUST00168,0,0,0.1931,0.1568,5.7,5.4
CUST00169,4,2,-0.5643,-0.2966,8.1,40.9
CUST00170,3,3,-0.2941,-0.4526,11.7,43.4
CUST00171,0,1,-0.0699,0.0744,91.3,27.1
CUST00172,0,0,-0.0773,-0.0444,68.9,19.2
CUST00173,0,1,0.0099,-0.0551,13.0,22.1
CUST00174,0,1,-0.0518,0.0731,14.6,13.5
CUST00175,1,2,-0.3676,-0.2962,10.9,52.7
CUST00176,3,1,-0.0724,-0.1919,2.5,68.7
CUST00177,7,1,-0.333,-0.4042,7.4,91.7
CUST00178,0,0,-0.0262,0.003,41.6,7.6
CUST00179,0,0,0.0428,0.146,32.4,4.9
CUST00180,0,0,-0.0404,0.0124,89.9,2.9
CUST00181,1,0,0.0935,0.2277,3.1,18.9
CUST00182,0,0,0.0029,0.0939,84.3,4.8
CUST00183,3,2,-0.2733,-0.1683,4.7,41.5
CUST00184,2,2,-0.2181,-0.4652,11.5,84.7
CUST00185,1,0,0.0311,0.3232,1.2,14.0
CUST00186,3,1,-0.3847,-0.3303,14.8,82.2
CUST00187,4,0,-0.4281,-0.6196,12.2,82.4
CUST00188,5,4,-0.1143,-0.2342,13.3,80.6
CUST00189,5,2,-0.1877,-0.6106,0.6,103.2
CUST00190,2,1,-0.2072,-0.2526,38.4,40.3
CUST00191,0,0,0.0607,-0.0892,37.4,24.9
CUST00192,1,1,-0.1358,-0.742,2.1,61.2
CUST00193,1,0,0.0005,0.0754,3.4,17.0
CUST00194,0,0,-0.0509,-0.0244,216.8,17.2
CUST00195,0,0,0.0187,0.0366,4.5,19.3
CUST00196,0,0,-0.1128,-0.0148,6.6,25.5
CUST00197,2,0,0.0155,-0.2504,54.9,22.1
CUST00198,0,1,0.0803,0.0325,41.6,0.0
CUST00199,0,3,-0.2161,-0.3247,10.4,35.9
CUST00200,0,0,0.1552,-0.1316,30.6,17.7
CUST00201,0,1,0.0566,0.0315,53.1,13.1
CUST00202,8,4,-0.273,-0.3072,5.2,94.3
CUST00203,2,3,-0.4773,-0.5962,4.2,115.4
CUST00204,5,3,-0.2666,-0.3675,4.5,49.0
CUST00205,0,0,0.0319,0.0648,14.8,3.7
CUST00206,0,0,-0.0227,0.024,7.5,0.0
CUST00207,0,0,0.1363,-0.0614,108.7,14.8
CUST00208,0,1,0.1427,-0.0053,64.3,15.3
CUST00209,1,0,0.0991,0.1051,6.2,18.3
CUST00210,2,1,-0.2336,0.0865,22.1,74.5
CUST00211,1,3,-0.5272,-0.0264,16.7,69.1
CUST00212,0,0,-0.0201,0.0548,71.7,14.6
CUST00213,0,0,-0.0791,-0.0064,100.9,13.9
CUST00214,1,0,0.1219,0.0823,138.2,10.1
CUST00215,4,2,-0.5699,-0.5922,1.0,47.0
CUST00216,0,0,0.1218,0.0114,152.7,1.4
CUST00217,1,0,0.0268,0.0021,35.3,10.9
CUST00218,0,0,0.0955,0.0481,68.0,17.6
CUST00219,0,0,0.1201,0.3045,42.3,12.6
CUST00220,4,2,-0.3223,-0.4464,5.5,86.7
CUST00221,0,0,0.167,0.1125,136.3,19.4
CUST00222,0,0,-0.1386,0.0575,34.4,4.4
CUST00223,0,1,-0.116,-0.0855,109.4,11.6
CUST00224,1,0,0.0076,-0.0532,37.6,13.5
CUST00225,0,0,-0.0625,-0.0767,73.3,10.6
CUST00226,3,0,-0.1913,-0.4684,24.5,62.3
CUST00227,2,3,-0.2327,-0.2074,3.1,47.4
CUST00228,1,1,-0.2716,-0.5162,29.7,64.2
CUST00229,0,3,0.1142,0.0863,21.4,10.2
CUST00230,2,1,-0.2468,-0.241,23.1,63.0
CUST00231,0,0,0.1255,0.0551,26.7,15.2
CUST00232,0,1,0.1808,-0.177,113.3,11.7
CUST00233,6,5,-0.4352,-0.6327,0.7,107.4
CUST00234,0,0,-0.0868,-0.0606,59.7,3.0
CUST00235,3,1,-0.239,0.1278,3.5,63.2
CUST00236,1,0,0.1468,-0.0121,59.8,13.6
CUST00237,6,1,-0.2847,-0.6087,4.8,66.7
CUST00238,1,0,0.1366,0.0913,6.6,11.2
CUST00239,1,0,-0.1715,-0.002,32.0,10.7
CUST00240,2,2,-0.2708,-0.4731,3.2,82.1
CUST00241,0,0,0.1276,-0.2219,110.5,23.8
CUST00242,0,0,-0.0206,-0.0534,96.1,17.9
CUST00243,1,0,0.085,0.0129,242.6,7.1
CUST00244,0,1,-0.1341,0.0294,54.4,11.1
CUST00245,1,4,-0.2344,-0.5475,33.8,67.9
CUST00246,0,1,0.1705,0.0279,99.0,30.8
CUST00247,0,0,-0.1541,0.0518,188.2,0.0
CUST00248,1,0,0.1054,0.0067,29.3,12.4
CUST00249,0,0,0.245,-0.0468,30.2,21.3
CUST00250,0,1,-0.0349,-0.0849,40.5,13.8
CUST00251,1,0,0.0792,0.1319,95.1,4.8
CUST00252,0,0,0.0895,0.2044,11.4,8.9
CUST00253,4,2,-0.0878,-0.305,1.6,64.2
CUST00254,3,0,-0.6367,-0.2547,6.3,71.0
CUST00255,0,3,-0.0045,-0.5584,15.3,92.5
CUST00256,1,5,-0.2667,-0.6129,0.7,53.5
CUST00257,3,0,-0.5132,-0.438,2.9,109.0
CUST00258,1,0,0.012,-0.0083,20.7,13.5
CUST00259,0,0,-0.0186,0.1747,206.9,22.2
CUST00260,0,1,0.1736,0.0511,152.5,22.9
CUST00261,0,1,0.2408,0.1048,2.7,18.5
CUST00262,0,3,-0.4816,-0.2388,1.2,124.3
CUST00263,0,0,0.1486,0.0738,117.7,9.5
CUST00264,8,2,-0.328,0.0319,9.7,53.8
CUST00265,2,4,-0.1892,-0.3725,6.2,98.0
CUST00266,1,0,0.0362,0.0275,11.9,2.5
CUST00267,0,3,-0.2391,-0.6906,10.8,82.4
CUST00268,3,0,-0.226,-0.2275,8.3,42.3
CUST00269,0,0,-0.2573,0.0379,4.8,15.6
CUST00270,5,3,-0.2099,-0.2188,5.1,32.5
CUST00271,1,0,0.014,0.053,14.2,27.1
CUST00272,0,0,-0.064,-0.0232,28.2,27.9
CUST00273,0,0,0.1346,0.204,146.6,7.7
CUST00274,2,4,-0.3948,-0.286,3.8,49.2
CUST00275,5,4,-0.3469,-0.2084,0.4,76.1
CUST00276,2,4,-0.1139,-0.2614,2.2,53.7
CUST00277,0,0,0.0768,0.0925,73.2,15.4
CUST00278,2,0,-0.6918,-0.5013,36.1,62.2
CUST00279,1,0,0.14,0.1013,84.7,9.8
CUST00280,1,1,-0.2425,-0.2189,9.7,109.3
CUST00281,0,0,0.0868,-0.0789,17.3,0.0
CUST00282,3,3,-0.2698,-0.6313,13.3,70.3
CUST00283,1,1,0.0525,0.0743,111.5,19.8
CUST00284,0,0,0.0675,-0.2157,148.7,10.8
CUST00285,0,0,-0.139,-0.1116,36.3,3.3
CUST00286,2,0,-0.1498,-0.1395,0.2,53.8
CUST00287,4,1,-0.267,-0.4999,11.2,117.4
CUST00288,2,4,-0.1031,-0.2081,1.6,45.8
CUST00289,4,0,-0.3963,-0.2199,9.1,46.1
CUST00290,3,2,-0.1996,-0.3972,23.0,75.6
CUST00291,3,2,-0.4045,-0.3355,47.2,115.4
CUST00292,5,2,-0.1316,-0.8678,3.3,56.4
CUST00293,0,0,0.0005,0.1027,29.7,11.5
CUST00294,0,0,-0.0197,0.0628,6.9,0.0
CUST00295,5,4,-0.1563,-0.6973,4.7,88.1
CUST00296,5,4,-0.2578,-0.101,1.3,70.7
CUST00297,3,4,-0.2741,-0.2369,0.6,88.7
CUST00298,0,0,0.0499,0.0709,23.4,20.6
CUST00299,6,0,-0.1922,-0.1593,6.2,54.4
CUST00300,1,0,-0.004,-0.0123,32.1,15.7
CUST00301,6,4,-0.502,0.0033,12.0,50.1
CUST00302,2,2,-0.289,0.2792,4.3,75.0
CUST00303,1,0,0.1437,0.0271,73.6,7.2
CUST00304,0,0,-0.0836,0.058,45.0,7.6
CUST00305,1,0,0.1511,0.0587,88.7,9.8
CUST00306,2,6,-0.2589,0.3283,9.8,77.1
CUST00307,1,1,-0.1445,-0.2206,14.9,48.3
CUST00308,0,0,0.109,-0.0461,20.0,13.0
CUST00309,2,2,-0.2646,-0.0276,11.5,69.1
CUST00310,1,1,0.0474,0.1273,16.7,22.6
CUST00311,1,1,0.0888,0.0599,19.4,25.5
CUST00312,2,1,-0.458,-0.0332,10.8,69.3
CUST00313,1,0,0.2424,-0.0124,7.6,28.0
CUST00314,2,2,-0.3176,-0.1215,10.2,55.3
CUST00315,0,0,-0.1119,-0.0629,17.5,17.0
CUST00316,4,1,-0.4428,-0.2189,15.2,98.3
CUST00317,0,0,0.0322,0.016,20.8,7.0
CUST00318,0,1,0.0984,0.0194,75.3,17.8
CUST00319,5,3,-0.1963,-0.3522,4.3,66.9
CUST00320,3,3,-0.4278,-0.1859,9.5,70.4
CUST00321,1,3,-0.1915,-0.1753,1.3,59.2
CUST00322,3,1,-0.2688,-0.0349,9.4,48.3
CUST00323,0,1,-0.3879,-0.198,1.5,73.7
CUST00324,3,2,-0.1959,-0.4466,15.5,73.6
CUST00325,0,1,0.1365,-0.0144,44.6,17.0
CUST00326,1,6,-0.232,-0.3576,27.9,76.4
CUST00327,1,0,-0.0192,-0.0483,68.9,18.2
CUST00328,1,0,-0.2197,-1.1978,1.9,112.2
CUST00329,2,4,-0.5189,-0.3112,4.3,83.2
CUST00330,0,1,0.0314,-0.0447,5.8,7.6
CUST00331,4,1,-0.0083,-0.3903,26.6,101.6
CUST00332,4,0,-0.2226,0.1941,18.8,64.7
CUST00333,3,2,-0.5588,-0.2295,3.0,30.8
CUST00334,2,1,-0.2313,-0.0966,16.4,50.8
CUST00335,0,1,-0.0322,-0.341,18.3,96.5
CUST00336,0,0,0.0444,0.1969,32.9,4.7
CUST00337,2,2,-0.3505,-0.5988,18.4,94.6
CUST00338,1,3,-0.3374,-0.5859,0.2,65.5
CUST00339,1,4,-0.494,-0.4365,3.8,69.8
CUST00340,1,0,-0.0955,-0.0641,121.1,18.2
CUST00341,0,1,0.2518,0.0377,70.5,13.4
CUST00342,5,1,-0.3152,-0.1543,14.3,114.0
CUST00343,0,2,0.0338,0.0335,3.0,10.1
CUST00344,0,0,0.0258,0.1907,66.5,2.4
CUST00345,0,0,-0.1084,-0.0961,73.5,18.1
CUST00346,2,2,-0.216,-0.3614,2.2,49.9
CUST00347,4,2,-0.3392,-0.4329,24.6,39.2
CUST00348,3,1,-0.5005,-0.2752,2.9,74.5
CUST00349,0,0,-0.1141,0.0905,1.4,12.4
CUST00350,0,0,0.1114,-0.1136,7.4,12.7
CUST00351,0,0,0.2633,0.0138,27.4,1.2
CUST00352,3,2,-0.3605,-0.5304,5.1,94.2
CUST00353,0,0,-0.0584,-0.1132,12.6,14.3
CUST00354,1,1,-0.0573,-0.1173,30.8,17.7
CUST00355,4,4,0.0869,-0.059,1.4,64.0
CUST00356,0,0,0.2498,0.1202,10.3,9.9
CUST00357,8,5,-0.3762,-0.4803,3.7,65.5
CUST00358,3,1,-0.5571,-0.3827,18.1,107.6
CUST00359,3,5,-0.3057,-0.149,29.8,65.1
CUST00360,4,2,-0.3962,-0.1148,21.6,56.2
CUST00361,0,0,0.1985,-0.0116,7.5,18.1
CUST00362,1,0,-0.0817,-0.0837,23.9,21.1
CUST00363,1,4,-0.141,-0.5521,13.3,45.5
CUST00364,2,1,-0.1995,0.3004,4.8,67.4
CUST00365,1,0,0.1986,0.0303,60.1,2.8
CUST00366,3,6,-0.0968,-0.3044,1.3,108.7
CUST00367,4,1,-0.3173,-0.6767,2.7,29.6
CUST00368,0,1,-0.0317,0.227,271.2,24.4
CUST00369,1,3,-0.0384,-0.1951,0.6,60.1
CUST00370,0,0,0.1012,0.2274,16.3,0.0
CUST00371,6,4,-0.0163,-0.3054,20.1,63.1
CUST00372,4,3,-0.3193,-0.5009,6.4,65.5
CUST00373,0,2,-0.0218,0.0044,1.8,60.0
CUST00374,4,0,-0.2683,-0.5671,14.1,73.2
CUST00375,0,5,-0.2903,-0.3257,7.3,53.1
CUST00376,1,0,0.1751,0.1649,28.3,18.1
CUST00377,1,1,-0.0383,0.0614,109.0,20.5
CUST00378,0,0,0.0194,0.1353,116.1,0.4
CUST00379,7,2,-0.1858,-0.3673,0.2,66.4
CUST00380,3,0,-0.1922,-0.672,4.5,80.8
CUST00381,2,0,0.1286,0.1415,48.3,7.8
CUST00382,4,2,-0.655,-0.5363,7.9,71.4
CUST00383,0,0,-0.0208,0.0086,59.1,10.0
CUST00384,4,1,-0.2771,-0.4773,10.3,48.8
CUST00385,0,5,-0.3878,-0.373,6.2,87.9
CUST00386,0,2,-0.0884,-0.0199,13.5,0.0
CUST00387,1,4,-0.0377,-0.5233,11.1,59.2
CUST00388,0,0,-0.1412,0.0154,41.9,21.0
CUST00389,4,5,-0.3967,-0.024,10.0,67.2
CUST00390,4,6,0.0008,-0.3295,3.6,39.2
CUST00391,3,2,-0.3769,-0.6109,7.1,86.4
CUST00392,0,1,0.0377,0.0812,3.2,8.4
CUST00393,0,0,-0.0116,0.0071,125.5,30.8
CUST00394,0,0,-0.002,0.1583,0.9,26.2
CUST00395,4,1,0.0559,-0.2243,4.3,41.5
CUST00396,4,2,-0.353,-0.3198,6.8,32.5
CUST00397,1,0,0.0408,-0.065,158.4,9.0
CUST00398,0,1,0.113,-0.0393,34.9,29.1
CUST00399,0,0,0.027,-0.0557,118.5,0.8
CUST00400,1,4,-0.0235,0.0502,3.3,85.5
CUST00401,2,1,-0.4663,0.1595,1.1,74.6
CUST00402,0,0,0.0904,-0.0912,173.7,6.7
CUST00403,0,0,0.0971,-0.1261,325.5,6.2
CUST00404,3,4,-0.2614,-0.0771,4.3,86.9
CUST00405,2,2,-0.6028,0.0837,12.1,73.1
CUST00406,2,3,-0.276,-0.1078,4.9,83.8
CUST00407,3,3,-0.3003,-0.1449,16.8,68.1
CUST00408,0,3,-0.223,-0.0722,15.6,82.5
CUST00409,2,2,-0.2508,-0.5489,22.8,39.0
CUST00410,0,1,0.0648,0.0009,81.2,9.2
CUST00411,0,1,0.1066,0.1173,5.5,8.4
CUST00412,1,0,0.0521,0.0974,34.1,13.3
CUST00413,3,2,-0.2422,-0.2792,7.5,56.4
CUST00414,0,0,-0.0512,0.1033,12.7,17.9
CUST00415,0,0,0.0085,-0.0753,34.9,0.0
CUST00416,0,0,0.0614,-0.1063,95.9,4.5
CUST00417,1,2,-0.21,-0.5825,1.6,89.9
CUST00418,4,3,-0.1876,0.0525,0.5,82.5
CUST00419,0,0,0.0053,0.1449,0.1,0.0
CUST00420,6,1,-0.3458,-0.2552,22.7,53.9
CUST00421,2,6,-0.3479,-0.5275,2.5,71.4
CUST00422,0,0,-0.073,0.0867,64.6,12.4
CUST00423,0,0,-0.0534,0.0347,32.8,1.3
CUST00424,2,3,-0.4114,-0.361,21.3,46.6
CUST00425,0,1,-0.0902,0.0109,255.2,11.1
CUST00426,3,6,-0.4167,-0.4141,5.6,31.5
CUST00427,2,0,0.0169,0.0033,98.1,6.2
CUST00428,1,5,-0.2788,-0.7873,21.1,86.8
CUST00429,0,0,0.062,0.0645,5.5,18.7
CUST00430,0,1,0.0375,0.0318,98.7,8.9
CUST00431,5,3,-0.3632,-0.3309,6.3,54.0
CUST00432,2,2,-0.2087,-0.425,2.4,59.9
CUST00433,3,2,-0.3404,-0.4374,4.7,105.0
CUST00434,0,2,0.203,-0.0278,133.7,15.3
CUST00435,0,0,0.0953,0.0186,10.6,11.2
CUST00436,3,2,-0.1081,-0.2963,3.7,69.0
CUST00437,3,3,-0.2922,-0.401,3.5,58.5
CUST00438,0,0,-0.0332,0.0205,3.5,0.0
CUST00439,2,3,-0.2116,-0.0748,35.2,100.2
CUST00440,1,0,-0.342,-0.3133,0.4,52.6
CUST00441,1,3,-0.276,-0.5765,0.1,56.2
CUST00442,0,0,0.1003,0.0457,81.4,14.0
CUST00443,0,0,0.0591,-0.021,122.4,2.7
CUST00444,0,1,-0.0896,-0.1107,25.1,16.4
CUST00445,1,0,0.0064,0.0174,42.6,7.2
CUST00446,0,0,-0.0189,0.0386,94.1,11.9
CUST00447,1,0,0.0462,0.0754,52.4,14.0
CUST00448,2,1,-0.2399,-0.3579,4.4,64.8
CUST00449,7,1,-0.1345,-0.3492,6.5,40.0
CUST00450,3,3,-0.2812,-0.1854,11.2,95.3
CUST00451,0,0,0.0273,0.0211,336.7,10.5
CUST00452,2,0,0.0673,0.0213,73.1,20.2
CUST00453,0,1,0.0305,0.0176,61.1,11.9
CUST00454,0,0,-0.0654,-0.1276,8.3,0.9
CUST00455,1,0,-0.3124,0.0878,0.9,88.6
CUST00456,1,0,-0.1191,-0.0898,76.9,6.6
CUST00457,3,3,-0.3611,-0.251,7.9,86.9
CUST00458,3,1,-0.3009,-0.2531,9.2,65.6
CUST00459,1,1,0.0369,0.193,166.8,18.1
CUST00460,1,0,-0.0909,-0.0385,173.8,28.3
CUST00461,1,3,-0.5328,-0.239,4.9,73.3
CUST00462,1,1,0.0632,0.0727,9.9,16.3
CUST00463,3,4,-0.2239,-0.1436,4.0,82.2
CUST00464,2,2,0.2131,0.0909,22.7,13.6
CUST00465,3,1,-0.1879,-0.2286,18.7,96.7
CUST00466,0,0,0.1837,0.0151,17.6,17.7
CUST00467,2,1,-0.3993,-0.0479,4.9,97.5
CUST00468,1,0,0.0954,0.171,4.5,20.5
CUST00469,2,0,0.085,-0.0819,86.1,0.0
CUST00470,1,2,-0.3289,-0.3404,0.7,42.8
CUST00471,0,1,-0.057,0.0861,38.6,16.8
CUST00472,3,4,-0.2686,-0.5032,21.6,70.0
CUST00473,1,1,0.1406,-0.0221,23.8,1.2
CUST00474,2,1,-0.0499,0.0599,20.8,13.2
CUST00475,1,7,-0.2421,-0.3292,10.1,70.8
CUST00476,0,1,0.0193,-0.0793,6.1,17.7
CUST00477,1,0,0.0679,0.0807,51.7,11.4
CUST00478,0,0,0.0508,-0.1094,3.2,19.4
CUST00479,0,1,-0.0065,0.0744,175.7,13.9
CUST00480,1,2,-0.2847,-0.565,11.6,29.9
CUST00481,0,1,0.0593,-0.0624,245.7,19.0
CUST00482,0,0,-0.1292,-0.027,0.4,27.4
CUST00483,1,4,-0.3379,-0.4544,7.9,44.8
CUST00484,0,0,0.0412,0.099,14.0,5.8
CUST00485,1,1,0.1031,0.0246,69.3,25.8
CUST00486,1,2,-0.0795,-0.0273,6.6,85.6
CUST00487,0,0,0.1005,-0.0078,6.0,17.9
CUST00488,1,0,0.1061,0.0605,57.7,14.4
CUST00489,1,3,-0.3325,-0.4538,22.8,76.1
CUST00490,0,0,0.0535,0.041,2.0,0.4
CUST00491,0,0,0.1427,-0.1703,268.4,12.0
CUST00492,0,0,0.2975,0.0005,58.0,17.2
CUST00493,0,0,-0.0271,-0.0284,177.5,12.8
CUST00494,4,0,-0.4143,-0.2952,2.7,48.7
CUST00495,3,3,-0.297,-0.0743,3.0,54.3
CUST00496,0,0,0.104,0.0349,20.4,15.2
CUST00497,6,3,-0.1576,-0.5403,15.8,57.4
CUST00498,0,0,0.1161,0.0451,48.4,19.0
CUST00499,0,0,0.04,0.167,27.1,2.1
CUST00500,0,1,0.009,0.0236,14.8,12.6
CUST00501,0,1,0.1196,0.1597,67.7,30.2
CUST00502,2,1,0.0169,0.1403,163.3,0.9
CUST00503,0,1,-0.0072,0.1377,0.2,6.1
CUST00504,2,2,-0.1367,-0.2638,15.6,64.5
CUST00505,0,1,-0.1639,0.1608,17.3,11.8
CUST00506,1,1,0.1591,-0.0485,10.4,14.2
CUST00507,1,2,-0.2563,-0.8619,14.4,79.4
CUST00508,0,0,0.1711,0.1358,115.0,9.2
CUST00509,6,1,-0.5033,-0.1704,14.9,63.9
CUST00510,0,0,0.1931,-0.0957,10.5,13.1
CUST00511,3,5,-0.4925,-0.5496,5.7,60.5
CUST00512,2,2,-0.5615,-0.21,0.1,47.3
CUST00513,4,3,-0.1465,-0.06,5.4,51.0
CUST00514,1,2,0.1014,0.1262,14.3,16.6
CUST00515,1,2,-0.429,-0.3858,21.7,93.2
CUST00516,1,1,-0.1728,-0.0168,36.4,21.2
CUST00517,0,0,0.0292,0.0564,114.4,0.0
CUST00518,7,2,-0.2489,-0.2467,0.7,55.6
CUST00519,3,2,-0.4477,-0.2998,4.7,96.1
CUST00520,3,3,-0.2142,-0.0898,15.9,81.6
CUST00521,0,0,0.2263,-0.1237,5.2,4.1
CUST00522,3,5,-0.2979,-0.1922,5.6,98.1
CUST00523,2,2,-0.3582,-0.4185,24.8,53.8
CUST00524,4,2,-0.2113,-0.472,3.3,51.8
CUST00525,0,0,-0.0821,-0.2995,59.6,5.4
CUST00526,1,0,-0.0314,-0.0258,9.5,3.8
CUST00527,3,4,-0.2499,-0.2978,1.6,56.3
CUST00528,0,1,0.0361,0.0404,66.3,30.9
CUST00529,5,1,-0.5595,-0.3794,15.6,106.1
CUST00530,0,0,-0.0443,0.1346,21.6,8.5
CUST00531,0,0,0.0466,0.0408,60.4,10.1
CUST00532,0,0,0.0969,0.0206,158.0,17.7
CUST00533,0,0,0.1797,0.3433,23.9,7.5
CUST00534,2,1,-0.0634,0.0161,82.1,10.4
CUST00535,0,0,0.1027,-0.1578,52.3,13.3
CUST00536,0,0,0.0497,0.1249,59.8,16.6
CUST00537,0,0,0.0575,-0.0603,41.2,10.1
CUST00538,1,2,0.0857,-0.1662,16.2,7.6
CUST00539,0,0,-0.0617,0.0364,44.1,6.7
CUST00540,1,1,-0.328,-0.5694,0.1,58.9
CUST00541,3,0,-0.3815,-0.3548,2.2,75.5
CUST00542,6,0,-0.3886,-0.3235,12.0,89.4
CUST00543,5,2,-0.1735,-0.2275,9.0,62.8
CUST00544,2,0,-0.0394,-0.0193,22.4,13.7
CUST00545,1,3,-0.1903,-0.3898,29.8,78.9
CUST00546,1,2,-0.3808,-0.3736,9.4,61.5
CUST00547,4,2,-0.176,-0.3697,22.3,93.6
CUST00548,1,1,-0.3483,-0.8859,3.2,72.2
CUST00549,3,0,-0.5113,-0.5255,17.0,65.2
CUST00550,5,1,-0.3424,-0.2023,1.2,66.9
CUST00551,1,0,0.1136,-0.0047,4.9,0.0
CUST00552,2,2,-0.2889,-0.3088,0.1,55.4
CUST00553,0,0,0.0608,0.1156,13.5,20.9
CUST00554,2,2,-0.3629,-0.2777,1.6,80.4
CUST00555,2,1,-0.334,-0.4333,7.3,87.2
CUST00556,4,0,-0.3306,-0.072,10.4,72.9
CUST00557,5,1,-0.3051,-0.3381,2.4,95.2
CUST00558,2,2,-0.3596,-0.0386,3.2,69.3
CUST00559,3,3,-0.2722,-0.0512,17.5,24.9
CUST00560,0,0,-0.0719,0.0242,0.5,0.1
CUST00561,1,1,-0.0521,-0.1754,5.4,43.0
CUST00562,0,0,0.1425,-0.102,21.7,0.0
CUST00563,1,2,-0.2559,-0.2734,2.7,92.1
CUST00564,5,6,-0.5268,-0.4545,2.7,32.7
CUST00565,2,0,0.0112,-0.0147,37.8,8.4
CUST00566,1,1,-0.0196,0.0947,19.6,10.5
CUST00567,2,1,-0.5633,-0.3038,0.6,84.0
CUST00568,4,2,0.0287,-0.2731,5.6,65.1
CUST00569,0,0,0.0577,0.0808,14.7,11.0
CUST00570,1,0,-0.095,-0.5668,3.2,61.5
CUST00571,0,0,0.2491,-0.074,150.1,19.0
CUST00572,4,2,-0.4014,-0.5849,26.6,76.2
CUST00573,0,0,-0.2273,0.1934,162.1,31.7
CUST00574,5,1,-0.3937,-0.3459,9.4,69.5
CUST00575,7,0,-0.037,-0.3326,6.8,94.7
CUST00576,1,1,-0.1682,-0.4828,11.8,74.2
CUST00577,1,0,-0.0214,0.0716,27.0,16.8
CUST00578,4,3,-0.2816,-0.1193,7.5,52.2
CUST00579,0,1,0.0653,0.2558,11.5,13.1
CUST00580,4,2,-0.5435,-0.5049,2.4,67.1
CUST00581,1,0,0.0289,-0.152,1.3,0.0
CUST00582,1,0,0.2749,0.0616,37.1,9.1
CUST00583,4,0,-0.1393,-0.1536,0.6,60.3
CUST00584,5,4,-0.288,-0.6683,2.0,48.8
CUST00585,1,0,0.0294,-0.0269,2.6,0.4
CUST00586,0,0,0.3196,-0.0213,99.8,5.9
CUST00587,1,0,0.0254,0.1841,34.5,10.7
CUST00588,0,1,0.0172,0.0635,1.6,1.9
CUST00589,2,1,0.0298,0.0081,18.9,21.3
CUST00590,4,0,-0.3924,-0.6,24.6,68.8
CUST00591,1,5,-0.1233,-0.3884,3.2,57.0
CUST00592,2,5,-0.3162,-0.1876,23.8,40.2
CUST00593,2,0,-0.0505,-0.0642,64.4,12.6
CUST00594,4,4,-0.259,-0.4346,6.6,79.0
CUST00595,1,0,-0.0292,-0.1629,21.5,7.7
CUST00596,5,2,-0.2824,-0.2399,29.5,39.8
CUST00597,0,1,0.0049,-0.0474,145.5,12.6
CUST00598,0,1,-0.0943,-0.0207,35.1,22.5
CUST00599,4,2,-0.4464,-0.1144,4.4,47.6
CUST00600,1,1,-0.1225,-0.1088,102.3,13.6
CUST00601,4,4,-0.2335,-0.1805,4.5,67.8
CUST00602,3,1,0.0383,-0.0588,61.9,25.8
CUST00603,6,1,-0.1799,-0.1751,16.8,94.0
CUST00604,1,0,-0.0566,0.0658,35.6,7.6
CUST00605,4,0,-0.3826,-0.2711,11.9,67.6
CUST00606,0,0,0.0776,0.099,67.6,4.6
CUST00607,0,0,-0.0669,0.0871,13.5,6.2
CUST00608,0,0,0.1272,-0.0356,16.3,22.5
CUST00609,1,2,-0.1162,-0.5464,24.0,62.0
CUST00610,0,0,0.1179,-0.1045,40.8,24.4
CUST00611,7,0,-0.4313,0.0344,21.7,101.0
CUST00612,0,0,0.1331,-0.0175,6.1,18.6
CUST00613,0,0,0.1604,-0.0486,42.3,1.8
CUST00614,0,1,0.0507,0.092,200.1,17.5
CUST00615,3,0,-0.0518,0.1194,39.9,7.7
CUST00616,2,0,0.0873,0.0992,14.6,15.3
CUST00617,1,4,-0.4267,-0.29,19.0,41.1
CUST00618,0,1,-0.1371,0.0137,199.6,25.3
CUST00619,6,4,-0.1402,-0.4181,5.9,80.9
CUST00620,0,0,0.0564,0.2062,119.8,8.9
CUST00621,3,3,-0.4381,-0.5029,12.8,93.3
CUST00622,6,2,-0.3562,-0.162,1.3,54.4
CUST00623,3,3,-0.4509,-0.2497,16.3,73.1
CUST00624,0,1,0.0284,0.1039,94.1,9.1
CUST00625,0,1,-0.5365,-0.4555,0.4,61.6
CUST00626,0,0,0.1388,-0.06,4.4,17.7
CUST00627,6,1,-0.4279,0.0351,1.1,77.5
CUST00628,0,0,-0.1247,-0.0124,14.9,15.9
CUST00629,3,2,-0.3762,-0.001,13.3,71.1
CUST00630,0,0,-0.0508,-0.0458,21.7,6.5
CUST00631,0,0,-0.0464,-0.0802,28.3,27.0
CUST00632,4,1,-0.2475,-0.4962,8.4,60.0
CUST00633,1,2,0.0088,-0.1487,31.9,101.3
CUST00634,9,1,-0.1135,-0.2656,4.6,57.6
CUST00635,2,1,-0.4241,0.1006,16.0,77.6
CUST00636,0,0,0.0965,0.0947,15.6,2.2
CUST00637,0,0,-0.0039,0.043,93.2,21.3
CUST00638,4,2,-0.3822,-0.2686,4.9,38.9
CUST00639,2,5,-0.3224,0.1065,13.0,61.9
CUST00640,7,1,-0.4173,-0.087,6.7,64.6
CUST00641,4,0,-0.2305,-0.3794,26.8,67.9
CUST00642,0,3,-0.3444,-0.522,18.8,71.3
CUST00643,2,0,0.2256,0.1969,187.9,6.2
CUST00644,0,0,-0.0341,0.0305,61.6,9.6
CUST00645,2,3,-0.1105,-0.2539,0.1,30.8
CUST00646,2,3,-0.2982,-0.0313,1.5,87.5
CUST00647,0,1,-0.1072,-0.0998,79.9,22.5
CUST00648,0,1,-0.0059,-0.0903,23.6,15.6
CUST00649,0,0,0.0702,0.0902,34.1,7.9
CUST00650,0,0,0.0471,-0.1172,2.0,14.6
CUST00651,1,0,0.1155,0.0908,41.1,2.3
CUST00652,3,3,-0.3942,-0.0205,4.3,81.1
CUST00653,0,0,-0.0886,-0.0408,65.7,13.8
CUST00654,0,0,0.1558,0.0284,108.0,14.8
CUST00655,0,0,0.2029,-0.1155,8.8,15.9
CUST00656,0,0,0.1294,0.0672,96.0,4.1
CUST00657,0,0,-0.0498,0.1415,10.4,7.0
CUST00658,2,1,-0.06,-0.0719,57.5,25.5
CUST00659,0,0,0.087,-0.0592,117.6,1.0
CUST00660,2,2,-0.2233,-0.3278,10.7,87.3
CUST00661,1,0,0.049,-0.0212,5.0,5.6
CUST00662,1,0,-0.0392,0.2083,52.7,3.2
CUST00663,0,0,-0.0242,0.0932,24.4,10.3
CUST00664,0,0,0.1777,0.1053,39.2,2.6
CUST00665,0,1,0.1066,-0.0211,1.3,12.0
CUST00666,0,0,0.1889,0.4351,6.8,20.3
CUST00667,0,3,-0.3731,-0.6011,7.0,46.2
CUST00668,0,0,0.0069,0.0267,6.6,11.3
CUST00669,7,7,-0.2071,-0.3146,4.4,38.8
CUST00670,4,1,-0.2653,-0.3807,2.1,63.2
CUST00671,2,1,-0.2867,-0.5742,1.2,28.3
CUST00672,0,0,-0.0297,0.0869,37.1,13.8
CUST00673,0,0,-0.0163,0.0765,121.9,11.3
CUST00674,0,1,0.0535,-0.2368,122.9,11.3
CUST00675,2,2,-0.2274,-0.6843,2.4,36.0
CUST00676,2,2,-0.4283,-0.4513,13.1,67.0
CUST00677,4,1,-0.5269,-0.1904,4.9,59.8
CUST00678,0,1,0.0194,0.0635,123.1,3.3
CUST00679,0,0,0.0112,0.0523,105.0,13.6
CUST00680,0,0,0.0222,-0.1015,6.9,8.0
CUST00681,2,2,-0.1189,-0.4839,9.3,90.8
CUST00682,6,2,-0.256,-0.1414,4.5,65.6
CUST00683,0,1,-0.1039,-0.1221,2.1,12.3
CUST00684,0,0,0.1607,0.1374,21.1,9.9
CUST00685,1,1,-0.3184,-0.6385,2.4,24.5
CUST00686,2,2,-0.4256,-0.1828,2.8,57.5
CUST00687,0,1,0.0503,-0.0448,19.4,5.5
CUST00688,5,0,-0.277,-0.2882,0.4,77.4
CUST00689,0,0,-0.0765,0.03,40.5,9.9
CUST00690,1,4,-0.4882,-0.2835,12.3,38.0
CUST00691,0,0,0.0865,-0.159,44.4,3.0
CUST00692,1,1,0.1175,-0.1884,56.1,10.4
CUST00693,2,1,-0.2639,0.2022,6.4,4.6
CUST00694,1,0,0.1624,-0.1345,106.5,7.4
CUST00695,3,1,-0.1704,-0.3976,3.7,34.7
CUST00696,1,0,0.0668,0.0232,3.5,2.5
CUST00697,0,1,0.0155,0.0923,43.2,15.2
CUST00698,0,0,-0.0291,0.0308,137.8,10.3
CUST00699,0,0,-0.0238,0.0073,17.5,0.0
CUST00700,5,1,-0.1467,-0.6525,2.7,49.1
CUST00701,1,0,0.0215,0.1701,119.7,14.4
CUST00702,0,1,0.0499,0.0244,57.9,0.0
CUST00703,1,2,-0.3478,-0.3296,4.8,46.6
CUST00704,1,3,-0.3577,-0.4185,1.6,73.2
CUST00705,1,0,-0.0125,-0.0566,55.6,5.0
CUST00706,4,2,-0.3142,-0.052,16.7,98.0
CUST00707,3,3,-0.3784,-0.1618,1.9,69.7
CUST00708,2,0,0.2194,-0.1025,42.6,8.9
CUST00709,1,2,-0.2249,0.0657,4.5,89.8
CUST00710,1,0,0.1296,-0.122,15.2,19.3
CUST00711,0,0,0.0999,-0.0144,10.2,13.9
CUST00712,0,0,-0.0129,-0.0728,10.7,19.6
CUST00713,0,0,-0.0206,-0.1638,34.6,5.8
CUST00714,5,5,-0.4345,-0.3323,6.1,32.1
CUST00715,3,1,-0.4101,-0.3555,9.0,43.0
CUST00716,0,1,-0.0252,0.0358,17.2,1.8
CUST00717,1,0,0.0137,-0.0592,81.8,33.5
CUST00718,0,0,0.1275,0.0496,130.5,10.7
CUST00719,0,0,0.0276,0.1131,103.3,3.4
CUST00720,0,0,0.1399,0.0257,54.3,19.3
CUST00721,4,1,-0.5196,0.0008,5.7,87.5
CUST00722,2,2,-0.2528,-0.2194,0.9,79.1
CUST00723,4,2,-0.3789,-0.4051,15.7,94.0
CUST00724,0,1,0.0247,0.061,68.8,9.8
CUST00725,4,3,-0.3067,-0.4832,9.4,134.3
CUST00726,0,0,0.0599,-0.0509,15.8,11.3
CUST00727,1,0,0.1052,0.1535,102.9,6.2
CUST00728,5,2,-0.269,-0.4602,3.6,68.9
CUST00729,0,0,0.1848,0.2435,13.4,3.9
CUST00730,2,5,-0.2758,-0.0607,10.7,86.2
CUST00731,5,3,0.0302,-0.287,1.2,55.0
CUST00732,0,0,-0.1376,-0.0929,17.1,17.5
CUST00733,4,2,-0.3297,-0.5012,0.8,72.4
CUST00734,0,0,0.0745,-0.0532,4.7,12.0
CUST00735,1,1,0.1222,-0.0394,46.5,17.4
CUST00736,0,0,-0.0287,0.0671,19.0,15.5
CUST00737,1,5,-0.2214,-0.2692,19.6,57.9
CUST00738,3,0,-0.3606,-0.3194,3.3,65.1
CUST00739,4,0,-0.0939,-0.1757,1.2,55.9
CUST00740,3,1,0.0038,-0.0085,23.2,44.7
CUST00741,0,1,-0.0363,-0.0436,13.7,23.3
CUST00742,0,1,0.0059,0.0962,33.6,24.6
CUST00743,0,0,0.0114,0.1367,184.7,5.4
CUST00744,2,1,-0.5806,-0.3518,8.1,83.0
CUST00745,1,0,0.0973,-0.0247,316.7,5.9
CUST00746,5,3,-0.2855,-0.7831,10.0,96.2
CUST00747,0,0,-0.0889,-0.0161,34.6,9.0
CUST00748,0,0,0.0625,0.1077,7.8,19.1
CUST00749,0,0,0.0072,0.024,3.0,12.7
CUST00750,1,0,-0.1519,-0.4031,7.6,90.6
CUST00751,0,0,0.0389,0.0974,92.9,12.4
CUST00752,0,4,-0.3162,0.0541,1.5,44.8
CUST00753,0,0,0.0847,-0.0069,46.4,27.2
CUST00754,2,2,-0.3654,-0.328,3.6,23.0
CUST00755,4,3,-0.472,-0.2153,5.0,10.6
CUST00756,0,0,0.1595,-0.0175,19.7,15.8
CUST00757,2,2,-0.2772,-0.1591,5.3,94.2
CUST00758,1,0,0.0397,0.1773,13.5,14.3
CUST00759,1,0,-0.0209,0.1528,16.2,7.8
CUST00760,3,4,-0.3318,-0.3458,1.0,97.5
CUST00761,4,2,-0.0843,-0.4461,22.5,92.2
CUST00762,3,0,-0.3895,-0.3173,8.8,95.2
CUST00763,6,1,-0.362,-0.288,18.7,44.8
CUST00764,0,1,-0.236,0.1269,6.2,7.6
CUST00765,5,0,0.0021,-0.3528,4.2,27.0
CUST00766,0,2,0.0484,-0.0975,0.3,13.4
CUST00767,1,1,0.1172,-0.0458,41.9,3.6
CUST00768,0,0,-0.0193,-0.0289,177.3,15.1
CUST00769,0,0,-0.0709,0.0386,1.2,29.8
CUST00770,2,0,-0.1203,-0.4517,1.1,74.3
CUST00771,3,1,-0.2441,-0.7178,34.8,31.0
CUST00772,6,5,-0.1488,-0.1589,1.9,60.6
CUST00773,0,0,0.0863,0.0776,114.8,15.3
CUST00774,1,0,0.1655,0.0074,30.4,10.5
CUST00775,0,0,-0.0077,0.033,57.9,0.3
CUST00776,0,0,0.0304,0.0786,18.0,3.5
CUST00777,3,3,-0.3007,0.0167,2.1,62.9
CUST00778,2,2,-0.6347,-0.336,6.4,81.8
CUST00779,0,0,0.1518,0.0345,14.9,0.0
CUST00780,1,0,-0.0468,0.2236,12.8,12.2
CUST00781,3,3,-0.3633,-0.2498,5.7,49.9
CUST00782,0,1,0.0537,-0.0585,87.1,8.8
CUST00783,2,0,0.0106,-0.0901,164.1,1.5
CUST00784,3,3,-0.3487,0.0657,7.4,93.1
CUST00785,0,3,0.0317,-0.0329,15.6,4.1
CUST00786,0,0,-0.1425,0.1826,27.7,23.1
CUST00787,1,2,0.0321,0.0237,17.2,21.6
CUST00788,4,4,0.0357,-0.4669,13.8,93.4
CUST00789,2,0,0.1762,-0.0038,35.2,3.8
CUST00790,1,1,0.1562,0.194,23.8,17.4
CUST00791,0,0,0.079,0.0104,6.1,22.0
CUST00792,2,4,-0.2969,-0.1219,7.0,112.2
CUST00793,1,0,0.0234,-0.0514,12.0,9.4
CUST00794,6,2,-0.3205,-0.4588,19.8,65.6
CUST00795,1,6,0.0314,-0.1048,3.6,91.5
CUST00796,0,0,0.0213,-0.0336,34.0,13.5
CUST00797,1,0,0.0958,0.0573,254.2,15.2
CUST00798,5,2,-0.3472,-0.2856,2.0,81.3
CUST00799,0,1,0.137,0.1131,30.7,19.9
CUST00800,2,3,-0.2851,-0.4196,11.1,102.1
CUST00801,0,0,0.1885,0.0562,163.4,11.5
CUST00802,0,0,0.1951,0.0074,28.7,18.2
CUST00803,0,0,0.2513,0.0656,78.9,17.2
CUST00804,1,1,-0.2061,-0.0809,42.6,14.9
CUST00805,1,1,-0.3164,-0.5275,0.8,60.1
CUST00806,0,0,0.0598,0.0018,172.7,29.8
CUST00807,8,2,-0.1655,-0.5455,7.0,87.0
CUST00808,0,0,-0.0971,0.0684,197.3,7.7
CUST00809,1,5,-0.2732,-0.0607,4.3,70.5
CUST00810,3,0,-0.1268,-0.5174,17.7,91.0
CUST00811,0,0,0.0963,-0.1527,124.2,22.5
CUST00812,0,0,0.1092,0.1347,62.9,12.4
CUST00813,0,0,0.095,-0.0165,117.1,16.3
CUST00814,0,1,0.1273,0.0587,25.2,10.7
CUST00815,2,4,-0.2768,-0.363,9.5,80.4
CUST00816,0,0,-0.0469,0.0709,221.3,12.3
CUST00817,0,1,0.1313,-0.0426,230.4,10.2
CUST00818,0,0,0.0988,-0.0579,14.4,9.7
CUST00819,3,0,0.0174,0.0077,50.6,24.8
CUST00820,0,0,0.1584,-0.0236,111.7,5.3
CUST00821,3,0,0.0954,-0.0834,19.9,14.0
CUST00822,1,2,-0.1161,-0.4312,7.6,37.9
CUST00823,1,0,-0.0295,0.1943,1.2,5.9
CUST00824,1,2,-0.0397,0.214,81.3,0.0
CUST00825,1,1,0.1232,-0.3947,0.5,89.1
CUST00826,5,4,-0.1498,-0.4177,14.9,79.0
CUST00827,0,2,-0.1288,-0.1681,3.0,94.5
CUST00828,2,3,-0.3109,-0.5467,15.1,76.3
CUST00829,2,0,-0.0427,0.0336,17.6,13.4
CUST00830,0,0,0.1334,0.0331,17.8,21.0
CUST00831,0,0,-0.163,-0.1213,36.9,4.9
CUST00832,0,0,-0.04,0.1296,94.8,22.7
CUST00833,0,1,0.231,0.0104,4.3,1.1
CUST00834,1,0,0.1925,-0.0009,70.7,21.7
CUST00835,0,0,0.1046,-0.0345,6.7,0.3
CUST00836,2,2,-0.2104,-0.3973,3.2,60.3
CUST00837,0,0,0.0339,0.0289,100.5,8.3
CUST00838,2,0,-0.3822,-0.2175,8.0,80.5
CUST00839,0,0,0.0192,-0.1405,70.2,2.0
CUST00840,0,1,0.0895,0.0623,19.0,20.4
CUST00841,3,4,-0.247,-0.478,12.9,34.7
CUST00842,6,4,-0.3247,-0.4969,3.5,72.4
CUST00843,0,1,0.1101,-0.0766,21.6,17.3
CUST00844,6,5,0.0107,-0.3096,24.7,77.2
CUST00845,1,0,0.0051,-0.082,121.8,20.7
CUST00846,7,3,-0.283,-0.3693,45.8,85.0
CUST00847,1,3,-0.1509,-0.2811,31.6,60.8
CUST00848,4,1,-0.4425,-0.2383,3.3,109.5
CUST00849,0,1,0.0058,0.0316,41.6,14.4
CUST00850,0,0,-0.057,-0.0196,68.0,14.0
CUST00851,1,0,0.0268,0.0674,39.6,11.5
CUST00852,5,2,-0.3764,-0.6238,12.4,85.2
CUST00853,0,0,-0.0032,0.0189,51.6,20.7
CUST00854,0,1,-0.1102,0.2494,25.1,12.5
CUST00855,3,1,-0.3037,-0.3576,18.6,70.7
CUST00856,4,2,0.0368,-0.156,1.9,29.6
CUST00857,1,0,-0.4324,-0.3169,0.3,44.7
CUST00858,2,0,0.0831,-0.0412,40.8,14.3
CUST00859,0,1,0.1156,-0.0294,6.8,25.0
CUST00860,3,1,-0.4194,-0.5431,6.4,56.9
CUST00861,0,2,-0.0201,-0.4906,17.4,41.1
CUST00862,3,0,-0.1113,-0.3859,13.2,100.2
CUST00863,1,0,0.1461,0.095,2.4,15.3
CUST00864,2,3,-0.2485,-0.5927,1.5,81.3
CUST00865,2,3,-0.26,-0.1483,19.0,35.4
CUST00866,1,2,0.06,-0.0711,104.7,4.7
CUST00867,1,0,0.0743,0.018,6.6,0.0
CUST00868,1,1,0.045,-0.0502,31.6,13.6
CUST00869,0,0,0.0486,0.1058,143.5,21.7
CUST00870,1,0,0.1149,0.1598,290.2,6.6
CUST00871,0,1,-0.0118,0.0042,144.0,4.1
CUST00872,5,2,-0.2449,-0.2511,9.9,47.0
CUST00873,1,0,0.0454,0.1034,23.7,7.4
CUST00874,1,1,0.0264,-0.1107,0.1,12.1
CUST00875,0,0,-0.1411,-0.0385,25.7,12.0
CUST00876,0,3,-0.4935,-0.4838,0.5,51.0
CUST00877,0,0,0.0496,-0.0952,5.6,22.1
CUST00878,0,0,0.0748,0.0285,106.2,12.3
CUST00879,0,0,0.0524,0.0679,11.8,11.9
CUST00880,0,0,0.091,0.0803,67.5,6.8
CUST00881,1,0,0.0709,-0.0324,3.8,4.3
CUST00882,3,1,-0.2237,-0.4633,15.5,72.9
CUST00883,3,3,-0.0966,-0.2655,1.1,39.5
CUST00884,0,4,-0.2394,-0.5494,11.4,66.8
CUST00885,4,1,-0.1936,-0.3982,4.1,50.7
CUST00886,1,0,0.1525,0.0315,25.8,12.9
CUST00887,3,2,-0.4339,-0.286,11.9,52.7
CUST00888,1,0,0.0182,0.1376,23.1,4.1
CUST00889,2,1,-0.1723,-0.3546,8.0,65.5
CUST00890,3,1,-0.2858,-0.0618,11.8,79.4
CUST00891,3,3,-0.5258,-0.5656,5.1,71.7
CUST00892,2,7,-0.2229,-0.3848,21.5,93.2
CUST00893,2,0,-0.5249,-0.347,12.8,42.3
CUST00894,1,0,0.0317,0.0681,9.9,22.6
CUST00895,6,2,-0.5146,-0.4456,0.1,59.1
CUST00896,0,0,0.0732,-0.1249,77.8,5.0
CUST00897,6,1,-0.3859,-0.3977,4.2,49.2
CUST00898,0,0,0.1009,0.007,21.6,18.3
CUST00899,0,1,0.0067,0.2314,29.6,10.8
