priority_rank,customer_id,segment,label,risk_score,dominant_modality,next_best_action,contributing_text,contributing_voice,contributing_txn,text_score,text_label,text_snippet,voice_score,voice_label,transcript_snippet,txn_score,top_txn_features
1,CUST00068,mobile_app_user,1,0.7522,txn,Investigate app/session drop-off; check for outages affecting this customer's channel.,1.325,,2.2393,0.5653457045555115,unauthorised_deduction,"My bank transfer of 5,000 naira did not go through on 17 August, the money left my account but the receiver never got it.",,,,0.7622123050617958,"[[""txn_frequency_change"", 0.7473], [""avg_resolution_delay"", 0.7366], [""app_sessions_change"", 0.2905]]"
2,CUST00358,ussd_user,0,0.7058,txn,Investigate app/session drop-off; check for outages affecting this customer's channel.,1.2369,,2.0923,0.5277189016342163,app_downtime,"My bank transfer of 65,000 naira did not go through on 23.",,,,0.7121801538253268,"[[""txn_frequency_change"", 0.842], [""avg_resolution_delay"", 0.5981], [""app_sessions_change"", 0.1899]]"
3,CUST00025,mobile_app_user,1,0.7047,txn,Investigate app/session drop-off; check for outages affecting this customer's channel.,,0.235,3.0888,,,,0.368688702583313,other,i just want to update my phone number when you are less busy,0.6650705101805082,"[[""txn_frequency_change"", 0.7398], [""avg_resolution_delay"", 0.4311], [""app_sessions_change"", 0.276]]"
4,CUST00746,ussd_user,1,0.6931,txn,Verify and process pending reversal; contact customer to confirm resolution.,1.3048,,1.9636,0.5567207336425781,unauthorised_deduction,"There is a strange debit of 25,000 naira on.",,,,0.6683806568606964,"[[""avg_resolution_delay"", 0.5025], [""app_sessions_change"", 0.4898], [""txn_frequency_change"", 0.3377]]"
5,CUST00548,ussd_user,0,0.6768,txn,Investigate app/session drop-off; check for outages affecting this customer's channel.,1.3644,,1.8288,0.5821512937545776,other,"I tried to send 8,000 naira through the mobile app on.",,,,0.622468185721667,"[[""app_sessions_change"", 0.5669], [""txn_frequency_change"", 0.4543], [""avg_resolution_delay"", 0.3011]]"
6,CUST00342,ussd_user,0,0.6728,txn,Verify and process pending reversal; contact customer to confirm resolution.,,,3.1747,,,,,,,0.6010798863803727,"[[""avg_resolution_delay"", 0.6518], [""txn_frequency_change"", 0.3928], [""failed_transfers_count"", 0.1286]]"
7,CUST00461,mobile_app_user,1,0.6701,txn,Investigate app/session drop-off; check for outages affecting this customer's channel.,,,3.1627,,,,,,,0.5988045626015094,"[[""txn_frequency_change"", 0.7968], [""avg_resolution_delay"", 0.3103], [""app_sessions_change"", 0.0823]]"
8,CUST00760,mobile_app_user,1,0.6689,txn,Verify and process pending reversal; contact customer to confirm resolution.,,,3.1571,,,,,,,0.5977462384723597,"[[""avg_resolution_delay"", 0.5134], [""txn_frequency_change"", 0.4236], [""app_sessions_change"", 0.1623]]"
9,CUST00357,mobile_app_user,1,0.6574,txn,Investigate app/session drop-off; check for outages affecting this customer's channel.,1.2631,,1.8428,0.5389096736907959,failed_transaction,"I am still waiting for a refund of 40,000 naira from a failed transaction on 06 August, it has been too long.",,,,0.6272537615074089,"[[""txn_frequency_change"", 0.5061], [""app_sessions_change"", 0.263], [""avg_resolution_delay"", 0.2449]]"
10,CUST00507,mobile_app_user,1,0.6545,txn,Investigate app/session drop-off; check for outages affecting this customer's channel.,1.3316,,1.7614,0.5681259632110596,other,"I could not use my card to pay 65,000 naira online on 30 July, it kept getting declined for no reason.",,,,0.5995477193883205,"[[""app_sessions_change"", 0.5489], [""avg_resolution_delay"", 0.3615], [""txn_frequency_change"", 0.2834]]"
11,CUST00515,mobile_app_user,1,0.6528,txn,Investigate app/session drop-off; check for outages affecting this customer's channel.,1.2607,,1.8247,0.5379051566123962,card_declined,"My debit card was declined at the POS terminal on 19 August even though I had up to 12,000 naira in my account.",,,,0.6210922599862746,"[[""txn_frequency_change"", 0.6041], [""avg_resolution_delay"", 0.4773], [""app_sessions_change"", 0.1922]]"
12,CUST00733,ussd_user,1,0.6426,txn,Investigate app/session drop-off; check for outages affecting this customer's channel.,,,3.0405,,,,,,,0.5756681295045389,"[[""txn_frequency_change"", 0.4197], [""avg_resolution_delay"", 0.3028], [""app_sessions_change"", 0.2787]]"
13,CUST00613,mobile_app_user,0,0.641,text,Trace the failed transaction and initiate reversal if applicable.,3.0339,,,0.5744282603263855,failed_transaction,"The USSD code has not been working since 15 July, I cannot do any transaction at all.",,,,,
14,CUST00509,mobile_app_user,0,0.6374,txn,Investigate app/session drop-off; check for outages affecting this customer's channel.,1.2322,0.1584,1.6275,0.5658836960792542,unauthorised_deduction,"There is a strange debit of 100,000 naira on my account from 18 August that I did not authorise.",0.4228895902633667,app_downtime,the app has been down since 28 July i cannot send money at all please fix it,0.5962435878833076,"[[""txn_frequency_change"", 0.7421], [""avg_resolution_delay"", 0.2314], [""failed_transfers_count"", 0.1666]]"
15,CUST00655,mobile_app_user,0,0.6357,text,Confirm outage window and proactively notify the customer of resolution.,3.0107,,,0.5700345039367676,app_downtime,"I keep getting a network error on the app whenever I try to transfer 65,000 naira, this has been since 13 July.",,,,,
16,CUST00191,ussd_user,0,0.6352,text,Confirm outage window and proactively notify the customer of resolution.,3.0087,,,0.5696396827697754,app_downtime,"My money of 5,000 naira has not been returned.",,,,,
17,CUST00320,ussd_user,0,0.6182,txn,Investigate app/session drop-off; check for outages affecting this customer's channel.,,,2.9358,,,,,,,0.5558535026297381,"[[""txn_frequency_change"", 0.6019], [""avg_resolution_delay"", 0.286], [""failed_transfers_count"", 0.0524]]"
18,CUST00333,ussd_user,1,0.6118,txn,Investigate app/session drop-off; check for outages affecting this customer's channel.,1.3351,,1.5738,0.5696396827697754,app_downtime,"My money of 12,000 naira has not been returned.",,,,0.5356834062287464,"[[""txn_frequency_change"", 0.8451], [""app_sessions_change"", 0.0751], [""failed_transfers_count"", 0.0524]]"
19,CUST00367,mobile_app_user,1,0.6017,txn,Investigate app/session drop-off; check for outages affecting this customer's channel.,1.3668,,1.4996,0.5831645131111145,app_downtime,"Your app keeps crashing whenever I try to log in, this has been happening since 24 August and it is frustrating.",,,,0.5104381212793149,"[[""app_sessions_change"", 0.4101], [""txn_frequency_change"", 0.3967], [""failed_transfers_count"", 0.0905]]"
20,CUST00391,mobile_app_user,0,0.5995,txn,Investigate app/session drop-off; check for outages affecting this customer's channel.,0.9854,,1.8723,0.42041778564453125,other,"The USSD code has not been working since 24 July, I cannot do any transaction at all.",,,,0.6372755703842324,"[[""txn_frequency_change"", 0.5074], [""avg_resolution_delay"", 0.4202], [""app_sessions_change"", 0.3609]]"
21,CUST00114,mobile_app_user,1,0.5968,txn,Investigate app/session drop-off; check for outages affecting this customer's channel.,,,2.8463,,,,,,,0.5388991934249343,"[[""txn_frequency_change"", 0.4907], [""avg_resolution_delay"", 0.2323], [""app_sessions_change"", 0.1183]]"
22,CUST00641,mobile_app_user,1,0.5945,txn,Verify and process pending reversal; contact customer to confirm resolution.,1.3682,,1.4686,0.5837729573249817,unfair_charge,"I noticed an unfair maintenance charge of 5,000 naira on 18 July that seems too high for this month.",,,,0.4998843848581637,"[[""avg_resolution_delay"", 0.265], [""txn_frequency_change"", 0.2355], [""app_sessions_change"", 0.1874]]"
23,CUST00431,ussd_user,0,0.5939,txn,Investigate app/session drop-off; check for outages affecting this customer's channel.,,,2.8343,,,,,,,0.5366367779828305,"[[""txn_frequency_change"", 0.4819], [""app_sessions_change"", 0.1511], [""avg_resolution_delay"", 0.1484]]"
24,CUST00432,mobile_app_user,1,0.5868,text,Check card status and reissue or unblock if appropriate.,2.8047,,,0.5310231447219849,card_declined,"My debit card was declined at the POS terminal on 14 August even though I had up to 1,500 naira in my account.",,,,,
25,CUST00080,ussd_user,0,0.5862,txn,Verify and process pending reversal; contact customer to confirm resolution.,1.2369,,1.5654,0.5277189016342163,app_downtime,"Your app keeps crashing whenever I try to log in,.",,,,0.5328136128911133,"[[""avg_resolution_delay"", 0.416], [""app_sessions_change"", 0.3365], [""txn_frequency_change"", 0.1709]]"
26,CUST00667,mobile_app_user,0,0.5831,txn,Investigate app/session drop-off; check for outages affecting this customer's channel.,,,2.7897,,,,,,,0.528182339670029,"[[""txn_frequency_change"", 0.5003], [""app_sessions_change"", 0.3535], [""avg_resolution_delay"", 0.0829]]"
27,CUST00563,mobile_app_user,0,0.5751,txn,Verify and process pending reversal; contact customer to confirm resolution.,1.1976,0.1593,1.3998,0.5499823689460754,unauthorised_deduction,"Someone deducted 1,500 naira from my account without my consent, I noticed it on 25 July and I am worried.",0.42532193660736084,other,"why did you charge me 5,000 naira extra on 31 July nobody explained this fee to me before",0.5128107282468425,"[[""avg_resolution_delay"", 0.4681], [""txn_frequency_change"", 0.2827], [""app_sessions_change"", 0.108]]"
28,CUST00158,ussd_user,0,0.5708,txn,Investigate app/session drop-off; check for outages affecting this customer's channel.,,,2.7392,,,,,,,0.5186195624722935,"[[""txn_frequency_change"", 0.5196], [""app_sessions_change"", 0.3655], [""days_since_last_complaint"", -0.0494]]"
29,CUST00670,mobile_app_user,0,0.5692,txn,Investigate app/session drop-off; check for outages affecting this customer's channel.,1.2603,,1.4723,0.5377162098884583,failed_transaction,"Why was I charged 8,000 naira in SMS/alert fees on 29 July, this is more than what I was told.",,,,0.5011322199478355,"[[""txn_frequency_change"", 0.3002], [""avg_resolution_delay"", 0.2256], [""app_sessions_change"", 0.1884]]"
30,CUST00031,ussd_user,1,0.5691,txn,Investigate app/session drop-off; check for outages affecting this customer's channel.,1.2369,,1.4955,0.5277189016342163,app_downtime,My debit card was declined at the POS terminal on 19.,,,,0.509050789335456,"[[""txn_frequency_change"", 0.5896], [""app_sessions_change"", 0.2101], [""days_since_last_complaint"", -0.053]]"
31,CUST00882,mobile_app_user,1,0.5636,txn,Verify and process pending reversal; contact customer to confirm resolution.,,,2.7099,,,,,,,0.513073754988167,"[[""avg_resolution_delay"", 0.3069], [""app_sessions_change"", 0.2503], [""txn_frequency_change"", 0.2229]]"
32,CUST00892,mobile_app_user,0,0.5632,txn,Verify and process pending reversal; contact customer to confirm resolution.,1.0743,,1.6338,0.45835113525390625,failed_transaction,"My bank transfer of 12,000 naira did not go through on 02 August, the money left my account but the receiver never got it.",,,,0.556102211844123,"[[""avg_resolution_delay"", 0.4773], [""txn_frequency_change"", 0.2214], [""app_sessions_change"", 0.1915]]"
33,CUST00467,ussd_user,0,0.5605,txn,Investigate app/session drop-off; check for outages affecting this customer's channel.,1.0676,,1.6298,0.455492228269577,unauthorised_deduction,"Someone deducted 8,000 naira from my account without my consent,.",,,,0.5547440607472748,"[[""txn_frequency_change"", 0.549], [""avg_resolution_delay"", 0.5134], [""app_sessions_change"", -0.0609]]"
34,CUST00556,ussd_user,1,0.5594,txn,Investigate app/session drop-off; check for outages affecting this customer's channel.,1.1808,0.1656,1.3462,0.542249321937561,other,"I could not use my card to pay 65,000 naira.",0.44214773178100586,other,"somebody took 5,000 naira from my account on 25",0.49320747001871457,"[[""txn_frequency_change"", 0.4214], [""avg_resolution_delay"", 0.3069], [""failed_transfers_count"", 0.0905]]"
35,CUST00599,ussd_user,1,0.5561,txn,Investigate app/session drop-off; check for outages affecting this customer's channel.,,,2.6793,,,,,,,0.5072905034458361,"[[""txn_frequency_change"", 0.6364], [""avg_resolution_delay"", 0.0946], [""failed_transfers_count"", 0.0905]]"
36,CUST00389,ussd_user,1,0.5518,txn,Investigate app/session drop-off; check for outages affecting this customer's channel.,,0.2378,2.4243,,,,0.37310001254081726,other,i just want to update my,0.5219882125758766,"[[""txn_frequency_change"", 0.5441], [""avg_resolution_delay"", 0.2591], [""failed_transfers_count"", 0.0905]]"
37,CUST00827,mobile_app_user,1,0.551,text,Trace the failed transaction and initiate reversal if applicable.,1.395,,1.2638,0.5952024459838867,failed_transaction,"My card got blocked after a failed transaction on 27 July and I could not withdraw 1,500 naira that I needed urgently.",,,,0.43018240235945526,"[[""avg_resolution_delay"", 0.4882], [""failed_transfers_count"", -0.0618], [""days_since_last_complaint"", -0.0491]]"
38,CUST00675,mobile_app_user,0,0.546,txn,Investigate app/session drop-off; check for outages affecting this customer's channel.,1.2629,,1.3758,0.538820207118988,failed_transaction,"I am still waiting for a refund of 25,000 naira from a failed transaction on 07 August, it has been too long.",,,,0.46829757941191985,"[[""app_sessions_change"", 0.4158], [""txn_frequency_change"", 0.2298], [""days_since_last_complaint"", -0.05]]"
39,CUST00049,ussd_user,0,0.5443,txn,Investigate app/session drop-off; check for outages affecting this customer's channel.,0.8952,0.1894,1.5471,0.41111472249031067,other,I'm satisfied with how my last.,0.5057737827301025,other,"please i saw a debit of 8,000 naira i did",0.5667921822941405,"[[""txn_frequency_change"", 0.4333], [""app_sessions_change"", 0.2558], [""avg_resolution_delay"", 0.2222]]"
40,CUST00772,mobile_app_user,0,0.5395,text,Review call transcript; officer to follow up directly with the customer.,1.3349,,1.2773,0.569557785987854,other,"I could not use my card to pay 8,000 naira online on 06 August, it kept getting declined for no reason.",,,,0.43476072857246534,"[[""avg_resolution_delay"", 0.2037], [""failed_transfers_count"", 0.1666], [""txn_frequency_change"", 0.0838]]"
41,CUST00475,mobile_app_user,0,0.5389,txn,Verify and process pending reversal; contact customer to confirm resolution.,,,2.6098,,,,,,,0.4941172805909559,"[[""avg_resolution_delay"", 0.2893], [""txn_frequency_change"", 0.2571], [""app_sessions_change"", 0.1498]]"
42,CUST00458,ussd_user,1,0.5359,txn,Investigate app/session drop-off; check for outages affecting this customer's channel.,,,2.5981,,,,,,,0.49190419273800046,"[[""txn_frequency_change"", 0.3663], [""avg_resolution_delay"", 0.2457], [""app_sessions_change"", 0.0928]]"
43,CUST00523,mobile_app_user,1,0.5352,txn,Investigate app/session drop-off; check for outages affecting this customer's channel.,,0.1578,2.4373,,,,0.24765735864639282,other,thank you for helping me last time everything is fine now,0.5247944892626152,"[[""txn_frequency_change"", 0.4726], [""app_sessions_change"", 0.2167], [""avg_resolution_delay"", 0.1467]]"
44,CUST00433,mobile_app_user,1,0.533,txn,Verify and process pending reversal; contact customer to confirm resolution.,0.745,,1.8414,0.3178580403327942,other,"I'm satisfied with how my last dispute was handled, appreciate the quick turnaround.",,,,0.6267605691018089,"[[""avg_resolution_delay"", 0.5763], [""txn_frequency_change"", 0.4396], [""app_sessions_change"", 0.2309]]"
45,CUST00177,ussd_user,0,0.5299,txn,Verify and process pending reversal; contact customer to confirm resolution.,0.7388,,1.835,0.31522080302238464,other,Just checking my account balance and.,,,,0.6245781644071905,"[[""avg_resolution_delay"", 0.4647], [""txn_frequency_change"", 0.4259], [""app_sessions_change"", 0.206]]"
46,CUST00725,ussd_user,0,0.522,txn,Verify and process pending reversal; contact customer to confirm resolution.,0.5076,0.1532,1.8812,0.2330922782421112,other,The app has been working well.,0.40903666615486145,other,"good day please my transfer of 8,000 naira on 04",0.6891883807184096,"[[""avg_resolution_delay"", 0.8222], [""txn_frequency_change"", 0.377], [""app_sessions_change"", 0.2652]]"
47,CUST00522,mobile_app_user,0,0.5175,txn,Verify and process pending reversal; contact customer to confirm resolution.,0.8761,,1.6482,0.37377864122390747,other,"I wanted to confirm my new debit card has been activated, thanks for the help.",,,,0.561013876878811,"[[""avg_resolution_delay"", 0.5184], [""txn_frequency_change"", 0.3607], [""declines_count"", 0.0597]]"
48,CUST00379,ussd_user,1,0.5174,txn,Verify and process pending reversal; contact customer to confirm resolution.,1.0542,,1.4693,0.44980722665786743,unauthorised_deduction,"Someone deducted 25,000 naira from my account without my consent,.",,,,0.5001219335113586,"[[""avg_resolution_delay"", 0.2524], [""failed_transfers_count"", 0.2047], [""app_sessions_change"", 0.1784]]"
49,CUST00274,ussd_user,1,0.5147,txn,Investigate app/session drop-off; check for outages affecting this customer's channel.,1.0227,,1.4903,0.4363488554954529,other,"The reversal for my 65,000 naira failed transfer on.",,,,0.5072589589086419,"[[""txn_frequency_change"", 0.5406], [""app_sessions_change"", 0.1175], [""avg_resolution_delay"", 0.1081]]"
50,CUST00558,mobile_app_user,1,0.5113,txn,Investigate app/session drop-off; check for outages affecting this customer's channel.,,0.2751,2.224,,,,0.43163052201271057,delayed_refund,"i am still waiting for 40,000 naira reversal from 23 August please when will it enter my account",0.4788614618432671,"[[""txn_frequency_change"", 0.4752], [""avg_resolution_delay"", 0.2767], [""app_sessions_change"", -0.0679]]"
51,CUST00387,ussd_user,1,0.5074,text,Escalate to fraud/dispute team for urgent investigation.,1.3045,,1.1793,0.556593656539917,unauthorised_deduction,"There is a strange debit of 65,000 naira on.",,,,0.40140618607150347,"[[""app_sessions_change"", 0.2952], [""avg_resolution_delay"", 0.192], [""txn_frequency_change"", -0.1224]]"
52,CUST00335,mobile_app_user,0,0.5061,text,Escalate to fraud/dispute team for urgent investigation.,1.2297,0.0918,1.157,0.5647246837615967,unauthorised_deduction,"There is a strange debit of 5,000 naira on my account from 19 July that I did not authorise.",0.24502062797546387,other,good afternoon i just want to confirm my balance thank you,0.42386967738768283,"[[""avg_resolution_delay"", 0.505], [""app_sessions_change"", 0.1587], [""txn_frequency_change"", -0.1327]]"
53,CUST00706,mobile_app_user,1,0.5059,txn,Verify and process pending reversal; contact customer to confirm resolution.,0.8228,0.169,1.486,0.37783440947532654,card_declined,"The ATM rejected my card on 15 August and kept saying insufficient funds when I had over 65,000 naira available.",0.4511733949184418,unauthorised_deduction,"somebody took 12,000 naira from my account on 08 August i did not authorise it at all please",0.5443984868138463,"[[""avg_resolution_delay"", 0.5176], [""txn_frequency_change"", 0.3909], [""failed_transfers_count"", 0.0905]]"
54,CUST00440,mobile_app_user,1,0.5056,txn,Investigate app/session drop-off; check for outages affecting this customer's channel.,,,2.4766,,,,,,,0.4688962478618082,"[[""txn_frequency_change"", 0.4426], [""app_sessions_change"", 0.1379], [""avg_resolution_delay"", 0.1366]]"
55,CUST00064,ussd_user,1,0.5048,txn,Verify and process pending reversal; contact customer to confirm resolution.,0.8133,0.1516,1.5083,0.3735044598579407,delayed_refund,"I was promised a refund of 100,000 naira after.",0.40474414825439453,app_downtime,the ussd is not working since 30,0.5525700099963397,"[[""avg_resolution_delay"", 0.3741], [""txn_frequency_change"", 0.2771], [""app_sessions_change"", 0.2412]]"
56,CUST00142,mobile_app_user,0,0.5015,txn,Investigate app/session drop-off; check for outages affecting this customer's channel.,,,2.46,,,,,,,0.4657599151998338,"[[""txn_frequency_change"", 0.5785], [""failed_transfers_count"", 0.1286], [""app_sessions_change"", -0.0931]]"
57,CUST00183,mobile_app_user,1,0.5012,text,Check card status and reissue or unblock if appropriate.,1.1562,0.168,1.1345,0.5309513807296753,card_declined,"My debit card was declined at the POS terminal on 22 August even though I had up to 1,500 naira in my account.",0.448411762714386,unauthorised_deduction,"somebody took 25,000 naira from my account on 11 August i did not authorise it at all please",0.4156453910182725,"[[""txn_frequency_change"", 0.315], [""failed_transfers_count"", 0.0524], [""days_since_last_complaint"", -0.0466]]"
58,CUST00188,ussd_user,1,0.5009,txn,Verify and process pending reversal; contact customer to confirm resolution.,,,2.4578,,,,,,,0.4653422145014288,"[[""avg_resolution_delay"", 0.3716], [""failed_transfers_count"", 0.1286], [""app_sessions_change"", 0.0787]]"
59,CUST00149,ussd_user,0,0.5,,No urgent action; continue routine monitoring.,,,,,,,,,,,
60,CUST00584,ussd_user,0,0.491,txn,Investigate app/session drop-off; check for outages affecting this customer's channel.,0.7762,0.1242,1.5179,0.35643383860588074,other,I would like to update my phone.,0.33147820830345154,other,good afternoon i just want,0.5560889395638434,"[[""app_sessions_change"", 0.4039], [""txn_frequency_change"", 0.3423], [""failed_transfers_count"", 0.1286]]"
61,CUST00107,mobile_app_user,0,0.4885,txn,Verify and process pending reversal; contact customer to confirm resolution.,,0.2712,2.1368,,,,0.4256077706813812,delayed_refund,"please my refund of 8,000 naira since 14 July has not come i have been calling since",0.4600774076551234,"[[""avg_resolution_delay"", 0.2843], [""app_sessions_change"", 0.2779], [""failed_transfers_count"", 0.1286]]"
62,CUST00455,mobile_app_user,1,0.4884,txn,Verify and process pending reversal; contact customer to confirm resolution.,,,2.4075,,,,,,,0.4558205371813557,"[[""avg_resolution_delay"", 0.4387], [""txn_frequency_change"", 0.3876], [""app_sessions_change"", -0.1626]]"
63,CUST00632,mobile_app_user,1,0.4823,txn,Investigate app/session drop-off; check for outages affecting this customer's channel.,0.8223,0.1687,1.3924,0.3776092231273651,card_declined,"The ATM rejected my card on 21 July and kept saying insufficient funds when I had over 5,000 naira available.",0.450341135263443,unauthorised_deduction,"somebody took 1,500 naira from my account on 21 July i did not authorise it at all please",0.510114810468083,"[[""app_sessions_change"", 0.2749], [""txn_frequency_change"", 0.2671], [""avg_resolution_delay"", 0.1987]]"
64,CUST00707,ussd_user,0,0.4792,txn,Investigate app/session drop-off; check for outages affecting this customer's channel.,0.8305,,1.5405,0.3543267548084259,other,I wanted to confirm my new debit.,,,,0.5243457829444294,"[[""txn_frequency_change"", 0.5102], [""avg_resolution_delay"", 0.2801], [""failed_transfers_count"", 0.0524]]"
65,CUST00592,ussd_user,0,0.474,txn,Investigate app/session drop-off; check for outages affecting this customer's channel.,,,2.35,,,,,,,0.4449249684672886,"[[""txn_frequency_change"", 0.3947], [""declines_count"", 0.0597], [""app_sessions_change"", 0.0438]]"
66,CUST00822,mobile_app_user,0,0.4723,text,Trace the failed transaction and initiate reversal if applicable.,1.2597,,1.0833,0.5374823212623596,failed_transaction,"I am still waiting for a refund of 100,000 naira from a failed transaction on 13 July, it has been too long.",,,,0.3687291323378492,"[[""app_sessions_change"", 0.2262], [""days_since_last_complaint"", -0.0423], [""failed_transfers_count"", -0.0237]]"
67,CUST00777,ussd_user,0,0.4688,txn,Investigate app/session drop-off; check for outages affecting this customer's channel.,,,2.329,,,,,,,0.44095385596071407,"[[""txn_frequency_change"", 0.3659], [""avg_resolution_delay"", 0.223], [""app_sessions_change"", -0.1093]]"
68,CUST00339,ussd_user,0,0.4656,txn,Investigate app/session drop-off; check for outages affecting this customer's channel.,0.5571,0.0854,1.6738,0.2558504641056061,other,Thank you for resolving my last.,0.22792907059192657,other,thank you for helping me,0.613195191931044,"[[""txn_frequency_change"", 0.7248], [""avg_resolution_delay"", 0.2809], [""app_sessions_change"", 0.2302]]"
69,CUST00601,ussd_user,1,0.461,txn,Verify and process pending reversal; contact customer to confirm resolution.,0.9139,,1.3837,0.38994118571281433,other,The bank charged me twice for the same.,,,,0.4709719954659726,"[[""avg_resolution_delay"", 0.2642], [""txn_frequency_change"", 0.2411], [""failed_transfers_count"", 0.0905]]"
70,CUST00408,ussd_user,0,0.4575,txn,Verify and process pending reversal; contact customer to confirm resolution.,,0.2443,2.0394,,,,0.38335758447647095,card_declined,my card was declined at the pos on 18 July,0.43911937139927415,"[[""avg_resolution_delay"", 0.3875], [""txn_frequency_change"", 0.2216], [""failed_transfers_count"", -0.0618]]"
71,CUST00418,mobile_app_user,0,0.4569,txn,Verify and process pending reversal; contact customer to confirm resolution.,,,2.2814,,,,,,,0.43194002095620815,"[[""avg_resolution_delay"", 0.3875], [""txn_frequency_change"", 0.1559], [""app_sessions_change"", -0.1361]]"
72,CUST00470,ussd_user,0,0.4495,txn,Investigate app/session drop-off; check for outages affecting this customer's channel.,0.9139,,1.3374,0.38994118571281433,other,The bank charged me twice for the same.,,,,0.45520589787526733,"[[""txn_frequency_change"", 0.4182], [""app_sessions_change"", 0.1582], [""avg_resolution_delay"", 0.0544]]"
73,CUST00363,mobile_app_user,1,0.4492,txn,Investigate app/session drop-off; check for outages affecting this customer's channel.,,,2.2503,,,,,,,0.42606161936824494,"[[""app_sessions_change"", 0.3168], [""avg_resolution_delay"", 0.077], [""txn_frequency_change"", 0.0694]]"
74,CUST00006,mobile_app_user,1,0.4487,txn,Investigate app/session drop-off; check for outages affecting this customer's channel.,1.0154,,1.2329,0.43322592973709106,unfair_charge,"I was charged 8,000 naira in hidden fees on 13 July that nobody explained to me before now.",,,,0.4196344119461864,"[[""txn_frequency_change"", 0.2064], [""failed_transfers_count"", 0.1286], [""app_sessions_change"", 0.1074]]"
75,CUST00091,mobile_app_user,0,0.4471,text,Trace the failed transaction and initiate reversal if applicable.,1.2534,0.1619,0.8263,0.5755921006202698,failed_transaction,"I sent money using USSD on 11 August and it said the transaction failed, but my balance still went down by 5,000 naira.",0.4322277903556824,delayed_refund,"i am still waiting for 12,000 naira reversal from 09 August please when will it enter my account",0.30271834612605736,"[[""days_since_last_complaint"", 0.2726], [""avg_resolution_delay"", -0.2284], [""failed_transfers_count"", -0.0618]]"
76,CUST00323,ussd_user,1,0.4442,txn,Investigate app/session drop-off; check for outages affecting this customer's channel.,0.7388,,1.4912,0.31522080302238464,other,Just checking my account balance and.,,,,0.5075638677434505,"[[""txn_frequency_change"", 0.5278], [""avg_resolution_delay"", 0.3137], [""failed_transfers_count"", -0.0618]]"
77,CUST00385,mobile_app_user,1,0.4435,txn,Investigate app/session drop-off; check for outages affecting this customer's channel.,0.4673,0.1596,1.6004,0.2145872712135315,other,Can I get a statement of account for the last three months please.,0.42605552077293396,other,"why did you charge me 65,000 naira extra on 30 July nobody explained this fee to me before",0.586310795440457,"[[""txn_frequency_change"", 0.5276], [""avg_resolution_delay"", 0.4328], [""app_sessions_change"", 0.1826]]"
78,CUST00436,mobile_app_user,1,0.4415,txn,Verify and process pending reversal; contact customer to confirm resolution.,,,2.219,,,,,,,0.4201284223517325,"[[""avg_resolution_delay"", 0.2742], [""app_sessions_change"", 0.1252], [""failed_transfers_count"", 0.0524]]"
79,CUST00847,ussd_user,1,0.4351,txn,Verify and process pending reversal; contact customer to confirm resolution.,,,2.193,,,,,,,0.41520627236243685,"[[""avg_resolution_delay"", 0.2054], [""app_sessions_change"", 0.1138], [""txn_frequency_change"", 0.0877]]"
80,CUST00787,ussd_user,0,0.4349,text,Review call transcript; officer to follow up directly with the customer.,1.8527,0.3395,,0.41111472249031067,other,I'm satisfied with how my last.,0.43802404403686523,delayed_refund,"i am still waiting for 100,000 naira reversal from",,
81,CUST00395,mobile_app_user,1,0.4346,text,Expedite pending refund and provide a status update to the customer.,2.1908,,,0.4147929251194,delayed_refund,"The NIP transfer I did on 23 August for 1,500 naira failed but I have not been reversed since then.",,,,,
82,CUST00591,ussd_user,0,0.4342,txn,Investigate app/session drop-off; check for outages affecting this customer's channel.,0.9796,,1.2099,0.41797715425491333,other,"The NIP transfer I did on 21 July for 12,000.",,,,0.4118064978683214,"[[""app_sessions_change"", 0.1942], [""avg_resolution_delay"", 0.1735], [""declines_count"", 0.0597]]"
83,CUST00287,ussd_user,0,0.4326,text,Review call transcript; officer to follow up directly with the customer.,2.1829,,,0.41328689455986023,other,The USSD code has not been working since.,,,,,
84,CUST00620,ussd_user,0,0.4198,text,Review call transcript; officer to follow up directly with the customer.,2.1303,,,0.403341144323349,other,"Why was I charged 8,000 naira in SMS/alert fees on.",,,,,
85,CUST00633,ussd_user,1,0.4187,txn,Verify and process pending reversal; contact customer to confirm resolution.,0.8873,0.1518,1.0867,0.40747392177581787,app_downtime,The mobile banking app has been down since 09.,0.40519922971725464,other,i sent money since 02 August the app say failed,0.39812885495585654,"[[""avg_resolution_delay"", 0.5453], [""txn_frequency_change"", -0.2088], [""failed_transfers_count"", -0.0237]]"
86,CUST00534,ussd_user,0,0.4111,text,Review call transcript; officer to follow up directly with the customer.,1.2571,0.1397,0.6979,0.5773029923439026,other,"I tried to send 1,500 naira through the mobile app on.",0.37310001254081726,other,i just want to update my,0.25568953074948586,"[[""avg_resolution_delay"", -0.2175], [""app_sessions_change"", -0.1088], [""txn_frequency_change"", -0.0747]]"
87,CUST00864,mobile_app_user,1,0.4047,txn,Verify and process pending reversal; contact customer to confirm resolution.,0.4255,,1.6428,0.18155083060264587,other,"Thank you for resolving my last complaint quickly, I appreciate the support.",,,,0.5591561605160298,"[[""avg_resolution_delay"", 0.3774], [""app_sessions_change"", 0.3472], [""txn_frequency_change"", 0.269]]"
88,CUST00125,mobile_app_user,1,0.4024,text,Review recent charges and call the customer to explain or reverse.,1.2687,0.161,0.6288,0.5826148986816406,unfair_charge,"I noticed an unfair maintenance charge of 1,500 naira on 18 August that seems too high for this month.",0.42996808886528015,delayed_refund,"i am still waiting for 25,000 naira reversal from 06 August please when will it enter my account",0.23037092306526108,"[[""avg_resolution_delay"", -0.147], [""txn_frequency_change"", -0.1369], [""app_sessions_change"", -0.0854]]"
89,CUST00224,mobile_app_user,1,0.3986,text,No urgent action; continue routine monitoring.,1.2709,0.16,0.6118,0.5836144685745239,app_downtime,"Your app keeps crashing whenever I try to log in, this has been happening since 28 July and it is frustrating.",0.4272851347923279,delayed_refund,"please my refund of 12,000 naira since 18 August has not come i have been calling since",0.22415153173946256,"[[""txn_frequency_change"", -0.2066], [""avg_resolution_delay"", -0.1915], [""app_sessions_change"", -0.0569]]"
90,CUST00199,mobile_app_user,0,0.3968,txn,No urgent action; continue routine monitoring.,,,2.035,,,,,,,0.3852981028723498,"[[""txn_frequency_change"", 0.2088], [""app_sessions_change"", 0.1465], [""failed_transfers_count"", -0.0618]]"
91,CUST00017,ussd_user,1,0.395,text,No urgent action; continue routine monitoring.,1.363,,0.6645,0.5815497636795044,other,"I tried to send 65,000 naira through the mobile app on.",,,,0.2261901073214708,"[[""txn_frequency_change"", -0.2311], [""avg_resolution_delay"", -0.194], [""app_sessions_change"", -0.104]]"
92,CUST00402,mobile_app_user,0,0.3941,text,No urgent action; continue routine monitoring.,1.2702,0.1508,0.6028,0.5833057761192322,app_downtime,"I sent money using USSD on 30 July and it said the transaction failed, but my balance still went down by 65,000 naira.",0.4027130603790283,app_downtime,the ussd is not working since 16 August please when will this be fixed,0.22083940564471527,"[[""txn_frequency_change"", -0.3603], [""avg_resolution_delay"", -0.2486], [""days_since_last_complaint"", 0.2033]]"
93,CUST00019,ussd_user,0,0.3914,text,No urgent action; continue routine monitoring.,1.1491,0.151,0.7125,0.5277189612388611,app_downtime,"Your app keeps crashing whenever I try to log in,.",0.40325891971588135,app_downtime,the app has been down since 31 July,0.26102764024259695,"[[""days_since_last_complaint"", 0.2221], [""avg_resolution_delay"", -0.199], [""app_sessions_change"", -0.1703]]"
94,CUST00769,mobile_app_user,0,0.385,text,No urgent action; continue routine monitoring.,1.263,,0.7229,0.5388662815093994,failed_transaction,"I was promised a refund of 8,000 naira after 15 July but nothing has come into my account yet.",,,,0.2460553033740655,"[[""app_sessions_change"", -0.1257], [""failed_transfers_count"", -0.0618], [""txn_frequency_change"", -0.0608]]"
95,CUST00713,ussd_user,0,0.3847,text,No urgent action; continue routine monitoring.,1.3114,,0.673,0.5595350861549377,other,"I got an alert for 100,000 naira debited from my.",,,,0.22907553894219151,"[[""avg_resolution_delay"", -0.2561], [""txn_frequency_change"", -0.1542], [""failed_transfers_count"", -0.0618]]"
96,CUST00500,ussd_user,1,0.3822,text,No urgent action; continue routine monitoring.,1.2644,0.1544,0.5549,0.5806339979171753,other,"I tried to send 25,000 naira through the mobile app on.",0.41224753856658936,unfair_charge,i was charged twice on 31 July that is,0.20330979172003316,"[[""txn_frequency_change"", -0.2092], [""avg_resolution_delay"", -0.199], [""app_sessions_change"", -0.1145]]"
97,CUST00650,ussd_user,0,0.381,text,No urgent action; continue routine monitoring.,1.363,,0.6055,0.5815497636795044,other,"I tried to send 65,000 naira through the mobile app on.",,,,0.2061134449862783,"[[""txn_frequency_change"", -0.2799], [""avg_resolution_delay"", -0.1823], [""failed_transfers_count"", -0.0618]]"
98,CUST00257,ussd_user,0,0.3805,text,No urgent action; continue routine monitoring.,1.9667,,,0.3723587393760681,delayed_refund,"I am still waiting for a refund of 65,000 naira from.",,,,,
99,CUST00235,mobile_app_user,1,0.3771,txn,No urgent action; continue routine monitoring.,,0.1562,1.796,,,,0.24502062797546387,other,good afternoon i just want to confirm my balance thank you,0.3866954462740383,"[[""txn_frequency_change"", 0.2513], [""avg_resolution_delay"", 0.2256], [""app_sessions_change"", -0.1925]]"
100,CUST00608,mobile_app_user,1,0.376,voice,No urgent action; continue routine monitoring.,,1.9473,,,,,0.368688702583313,other,i just want to update my phone number when you are less busy,,
101,CUST00742,ussd_user,0,0.3744,text,No urgent action; continue routine monitoring.,1.2644,0.0854,0.5911,0.5806339383125305,other,"I tried to send 25,000 naira through the mobile app on.",0.22792907059192657,other,thank you for helping me,0.21655280889954756,"[[""txn_frequency_change"", -0.2034], [""app_sessions_change"", -0.1688], [""avg_resolution_delay"", -0.0984]]"
102,CUST00795,mobile_app_user,0,0.3723,txn,No urgent action; continue routine monitoring.,,,1.9315,,,,,,,0.3656935382268075,"[[""avg_resolution_delay"", 0.463], [""txn_frequency_change"", -0.2507], [""declines_count"", 0.075]]"
103,CUST00654,mobile_app_user,0,0.3721,text,No urgent action; continue routine monitoring.,1.2732,0.1601,0.4975,0.5846793055534363,unfair_charge,"I could not use my card to pay 100,000 naira online on 10 August, it kept getting declined for no reason.",0.42742207646369934,other,"why did you charge me 12,000 naira extra on 07 August nobody explained this fee to me before",0.1822777422776181,"[[""txn_frequency_change"", -0.4817], [""avg_resolution_delay"", -0.1806], [""app_sessions_change"", -0.1181]]"
104,CUST00610,mobile_app_user,0,0.3714,text,No urgent action; continue routine monitoring.,1.2731,0.0928,0.562,0.5846419930458069,unfair_charge,"I noticed an unfair maintenance charge of 12,000 naira on 04 August that seems too high for this month.",0.24765735864639282,other,thank you for helping me last time everything is fine now,0.2058904007250364,"[[""txn_frequency_change"", -0.4114], [""avg_resolution_delay"", -0.1], [""failed_transfers_count"", -0.0618]]"
105,CUST00711,mobile_app_user,1,0.3712,text,No urgent action; continue routine monitoring.,1.2732,0.1628,0.4909,0.5846721529960632,unfair_charge,"I noticed an unfair maintenance charge of 25,000 naira on 30 July that seems too high for this month.",0.43464264273643494,delayed_refund,"i am still waiting for 8,000 naira reversal from 03 August please when will it enter my account",0.17985826271340832,"[[""txn_frequency_change"", -0.3779], [""avg_resolution_delay"", -0.1881], [""app_sessions_change"", -0.086]]"
106,CUST00462,ussd_user,0,0.3703,text,No urgent action; continue routine monitoring.,1.2497,0.1511,0.5223,0.5739145278930664,failed_transaction,My card got blocked after a failed transaction on 14 August.,0.4034731686115265,app_downtime,the app has been down since 21 July,0.19134659336831847,"[[""txn_frequency_change"", -0.3098], [""avg_resolution_delay"", -0.168], [""app_sessions_change"", -0.1512]]"
107,CUST00833,ussd_user,0,0.3687,text,No urgent action; continue routine monitoring.,1.6063,0.3101,,0.35643383860588074,other,I would like to update my phone.,0.40005508065223694,app_downtime,the ussd is not working since 24,,
108,CUST00133,mobile_app_user,1,0.3665,txn,No urgent action; continue routine monitoring.,0.6201,,1.2867,0.2645656168460846,other,"Just checking my account balance and recent transactions, everything looks fine.",,,,0.4379531365834861,"[[""avg_resolution_delay"", 0.2432], [""txn_frequency_change"", 0.1945], [""failed_transfers_count"", 0.0905]]"
109,CUST00318,ussd_user,0,0.3659,text,No urgent action; continue routine monitoring.,1.321,,0.5833,0.563623309135437,unfair_charge,"I noticed an unfair maintenance charge of 1,500 naira.",,,,0.19853341368147573,"[[""txn_frequency_change"", -0.3752], [""avg_resolution_delay"", -0.1554], [""app_sessions_change"", -0.1113]]"
110,CUST00390,mobile_app_user,1,0.3615,txn,No urgent action; continue routine monitoring.,,0.2924,1.5927,,,,0.45888081192970276,unfair_charge,"i was charged twice on 10 August that is like 25,000 naira extra please can you check it",0.3429320000770093,"[[""txn_frequency_change"", -0.1939], [""app_sessions_change"", 0.1501], [""failed_transfers_count"", 0.0905]]"
111,CUST00823,ussd_user,0,0.3609,text,No urgent action; continue routine monitoring.,1.8826,,,0.35643383860588074,other,I would like to update my phone.,,,,,
112,CUST00659,ussd_user,1,0.3601,text,No urgent action; continue routine monitoring.,1.5968,0.2822,,0.3543267548084259,other,I wanted to confirm my new debit.,0.3641052842140198,delayed_refund,"please my refund of 25,000 naira since 22",,
113,CUST00216,mobile_app_user,1,0.3593,text,No urgent action; continue routine monitoring.,1.327,,0.5486,0.5662005543708801,other,"I got an alert for 8,000 naira debited from my account on 28 July that I never did, please investigate.",,,,0.18671931863809618,"[[""txn_frequency_change"", -0.4186], [""avg_resolution_delay"", -0.293], [""days_since_last_complaint"", 0.1722]]"
114,CUST00085,ussd_user,0,0.3581,text,No urgent action; continue routine monitoring.,0.9636,,0.9069,0.41111472249031067,other,I'm satisfied with how my last.,,,,0.30867677177701197,"[[""txn_frequency_change"", 0.2636], [""avg_resolution_delay"", -0.2486], [""failed_transfers_count"", -0.0618]]"
115,CUST00400,ussd_user,1,0.3564,txn,No urgent action; continue routine monitoring.,,0.2661,1.5967,,,,0.417556494474411,unfair_charge,i was charged twice on 14 August that is,0.3437934085306441,"[[""avg_resolution_delay"", 0.4127], [""txn_frequency_change"", -0.1488], [""app_sessions_change"", -0.1344]]"
116,CUST00364,mobile_app_user,1,0.3514,txn,No urgent action; continue routine monitoring.,,0.2636,1.5776,,,,0.4135974049568176,card_declined,"the atm rejected my card since 12 August it kept saying insufficient funds but i had 1,500 naira",0.33967009207113585,"[[""app_sessions_change"", -0.3218], [""avg_resolution_delay"", 0.2608], [""txn_frequency_change"", 0.178]]"
117,CUST00249,mobile_app_user,0,0.3495,text,No urgent action; continue routine monitoring.,1.3676,,0.4651,0.5835167765617371,app_downtime,"Your app keeps crashing whenever I try to log in, this has been happening since 30 July and it is frustrating.",,,,0.15831971073975384,"[[""txn_frequency_change"", -0.6474], [""avg_resolution_delay"", -0.126], [""failed_transfers_count"", -0.0618]]"
118,CUST00011,mobile_app_user,0,0.3463,text,No urgent action; continue routine monitoring.,1.2699,0.1743,0.3744,0.5831687450408936,app_downtime,"Your app keeps crashing whenever I try to log in, this has been happening since 16 July and it is frustrating.",0.4654696583747864,unfair_charge,"i was charged twice on 08 August that is like 12,000 naira extra please can you check it",0.13716844585446128,"[[""txn_frequency_change"", -0.5918], [""app_sessions_change"", -0.2409], [""avg_resolution_delay"", -0.2301]]"
119,CUST00618,mobile_app_user,1,0.3412,txn,No urgent action; continue routine monitoring.,,0.2625,1.5337,,,,0.41191911697387695,card_declined,"the atm rejected my card since 15 August it kept saying insufficient funds but i had 100,000 naira",0.3302164061053111,"[[""days_since_last_complaint"", 0.2416], [""app_sessions_change"", -0.107], [""avg_resolution_delay"", -0.0925]]"
120,CUST00588,ussd_user,1,0.3409,text,No urgent action; continue routine monitoring.,1.2677,,0.5272,0.5408719182014465,other,"I was charged 100,000 naira in hidden fees on.",,,,0.17943857610411296,"[[""avg_resolution_delay"", -0.2888], [""txn_frequency_change"", -0.2244], [""app_sessions_change"", -0.1443]]"
121,CUST00388,mobile_app_user,1,0.3409,text,No urgent action; continue routine monitoring.,0.9147,0.1381,0.7419,0.4200565218925476,other,"The USSD code has not been working since 07 August, I cannot do any transaction at all.",0.368688702583313,other,i just want to update my phone number when you are less busy,0.2717995901904516,"[[""avg_resolution_delay"", -0.1286], [""app_sessions_change"", -0.1083], [""txn_frequency_change"", 0.0697]]"
122,CUST00341,mobile_app_user,0,0.3394,text,No urgent action; continue routine monitoring.,1.2882,0.0918,0.4082,0.5915964245796204,failed_transaction,"Why was I charged 25,000 naira in SMS/alert fees on 04 August, this is more than what I was told.",0.24502062797546387,other,good afternoon i just want to confirm my balance thank you,0.1495617930217565,"[[""txn_frequency_change"", -0.66], [""avg_resolution_delay"", -0.1923], [""app_sessions_change"", -0.125]]"
123,CUST00141,mobile_app_user,1,0.339,text,No urgent action; continue routine monitoring.,1.2552,,0.5311,0.5355439782142639,card_declined,"My debit card was declined at the POS terminal on 16 July even though I had up to 65,000 naira in my account.",,,,0.18076493651839326,"[[""txn_frequency_change"", -0.4938], [""avg_resolution_delay"", -0.1831], [""app_sessions_change"", -0.1084]]"
124,CUST00439,mobile_app_user,0,0.3372,txn,No urgent action; continue routine monitoring.,0.317,,1.4614,0.1352357566356659,other,"Please can you confirm if my salary alert came in today, thank you.",,,,0.49742171706415567,"[[""avg_resolution_delay"", 0.536], [""txn_frequency_change"", 0.2004], [""app_sessions_change"", -0.0407]]"
125,CUST00120,ussd_user,0,0.3354,text,No urgent action; continue routine monitoring.,1.3274,,0.4427,0.566335916519165,unfair_charge,"I noticed an unfair maintenance charge of 8,000 naira.",,,,0.15069916022645094,"[[""txn_frequency_change"", -0.5005], [""app_sessions_change"", -0.3258], [""avg_resolution_delay"", -0.2007]]"
126,CUST00573,mobile_app_user,0,0.3337,txn,No urgent action; continue routine monitoring.,,,1.7625,,,,,,,0.33370939618161544,"[[""app_sessions_change"", -0.2417], [""txn_frequency_change"", 0.2296], [""days_since_last_complaint"", 0.1861]]"
127,CUST00698,mobile_app_user,0,0.3299,text,No urgent action; continue routine monitoring.,0.9304,0.1602,0.6549,0.4272524416446686,delayed_refund,"The NIP transfer I did on 13 July for 100,000 naira failed but I have not been reversed since then.",0.4276728630065918,delayed_refund,"please my refund of 100,000 naira since 12 August has not come i have been calling since",0.23991104207476527,"[[""avg_resolution_delay"", -0.2183], [""days_since_last_complaint"", 0.1502], [""txn_frequency_change"", -0.1384]]"
128,CUST00207,ussd_user,1,0.3289,text,No urgent action; continue routine monitoring.,1.0453,0.1542,0.5415,0.4800334572792053,delayed_refund,"My money of 1,500 naira has not been returned.",0.41171979904174805,other,"why did you charge me 65,000 naira extra on",0.19837545124904848,"[[""txn_frequency_change"", -0.4455], [""avg_resolution_delay"", -0.1806], [""days_since_last_complaint"", 0.1072]]"
129,CUST00310,mobile_app_user,0,0.3232,text,No urgent action; continue routine monitoring.,0.9942,0.1764,0.5443,0.45656853914260864,failed_transaction,"I was promised a refund of 5,000 naira after 29 July but nothing has come into my account yet.",0.4709794223308563,unauthorised_deduction,"please i saw a debit of 8,000 naira i did not do this on 23 July i need this checked urgently",0.19941921548556013,"[[""txn_frequency_change"", -0.2805], [""app_sessions_change"", -0.1921], [""avg_resolution_delay"", -0.1151]]"
130,CUST00084,mobile_app_user,0,0.3173,text,No urgent action; continue routine monitoring.,1.0641,,0.624,0.45399340987205505,failed_transaction,"My bank transfer of 1,500 naira did not go through on 21 August, the money left my account but the receiver never got it.",,,,0.21238061910296518,"[[""txn_frequency_change"", -0.3189], [""avg_resolution_delay"", -0.142], [""failed_transfers_count"", -0.0618]]"
131,CUST00712,mobile_app_user,1,0.3171,text,No urgent action; continue routine monitoring.,1.0148,,0.672,0.4329823851585388,unfair_charge,"I was charged 5,000 naira in hidden fees on 20 August that nobody explained to me before now.",,,,0.22872102775410455,"[[""txn_frequency_change"", -0.1685], [""avg_resolution_delay"", -0.1403], [""failed_transfers_count"", -0.0618]]"
132,CUST00403,ussd_user,0,0.3151,text,No urgent action; continue routine monitoring.,1.4206,0.2569,,0.31522080302238464,other,Just checking my account balance and.,0.33147820830345154,other,good afternoon i just want,,
133,CUST00362,ussd_user,0,0.3096,text,No urgent action; continue routine monitoring.,0.8675,,0.7847,0.37012627720832825,unfair_charge,"I was charged 12,000 naira in hidden fees on.",,,,0.26708499781007305,"[[""avg_resolution_delay"", -0.1277], [""txn_frequency_change"", -0.0407], [""app_sessions_change"", -0.0341]]"
134,CUST00001,mobile_app_user,0,0.3095,text,No urgent action; continue routine monitoring.,1.2493,,0.4025,0.5330202579498291,unfair_charge,"Why was I charged 40,000 naira in SMS/alert fees on 21 July, this is more than what I was told.",,,,0.13699761562744397,"[[""txn_frequency_change"", -0.683], [""avg_resolution_delay"", -0.2586], [""app_sessions_change"", -0.0813]]"
135,CUST00526,mobile_app_user,0,0.305,text,No urgent action; continue routine monitoring.,1.6302,,,0.30866000056266785,other,I would like to update my phone number linked to my account when convenient.,,,,,
136,CUST00293,mobile_app_user,0,0.3049,text,No urgent action; continue routine monitoring.,0.9299,0.1654,0.5349,0.4270274043083191,delayed_refund,"I was promised a refund of 8,000 naira after 26 July but nothing has come into my account yet.",0.4415051341056824,other,"i sent money since 15 August the app say failed but my balance don reduce by 65,000 naira please help me",0.19595501354170747,"[[""avg_resolution_delay"", -0.2083], [""txn_frequency_change"", -0.1934], [""app_sessions_change"", -0.1737]]"
137,CUST00543,mobile_app_user,1,0.3038,txn,No urgent action; continue routine monitoring.,0.317,,1.3077,0.1352357566356659,other,"Please can you confirm if my salary alert came in today, thank you.",,,,0.44512035934522226,"[[""avg_resolution_delay"", 0.2222], [""txn_frequency_change"", 0.1297], [""failed_transfers_count"", 0.1286]]"
138,CUST00150,ussd_user,0,0.3032,text,No urgent action; continue routine monitoring.,0.8165,0.1368,0.6687,0.3749644458293915,delayed_refund,"I was promised a refund of 12,000 naira after.",0.3652481734752655,delayed_refund,"please my refund of 40,000 naira since 22",0.24496636708237413,"[[""avg_resolution_delay"", -0.2116], [""app_sessions_change"", -0.1492], [""failed_transfers_count"", -0.0618]]"
139,CUST00628,mobile_app_user,0,0.3032,text,No urgent action; continue routine monitoring.,0.8761,,0.7459,0.37377864122390747,other,"I wanted to confirm my new debit card has been activated, thanks for the help.",,,,0.2538763749988235,"[[""avg_resolution_delay"", -0.1714], [""app_sessions_change"", -0.0875], [""failed_transfers_count"", -0.0618]]"
140,CUST00678,mobile_app_user,1,0.3016,text,No urgent action; continue routine monitoring.,1.0014,,0.6131,0.42727896571159363,delayed_refund,"I was promised a refund of 40,000 naira after 24 July but nothing has come into my account yet.",,,,0.2086921338519441,"[[""avg_resolution_delay"", -0.2771], [""txn_frequency_change"", -0.2285], [""app_sessions_change"", -0.1443]]"
141,CUST00444,ussd_user,0,0.2997,text,No urgent action; continue routine monitoring.,0.8354,,0.7701,0.35643383860588074,other,I would like to update my phone.,,,,0.2621285820821319,"[[""avg_resolution_delay"", -0.1672], [""failed_transfers_count"", -0.0618], [""txn_frequency_change"", -0.0261]]"
142,CUST00607,mobile_app_user,1,0.2994,text,No urgent action; continue routine monitoring.,0.8843,0.1548,0.5649,0.40610072016716003,delayed_refund,"My money of 8,000 naira has not been returned since 23 August even though the transaction did not complete.",0.41320350766181946,card_declined,"the atm rejected my card since 27 July it kept saying insufficient funds but i had 1,500 naira",0.20695689694772768,"[[""avg_resolution_delay"", -0.2528], [""app_sessions_change"", -0.162], [""txn_frequency_change"", -0.0682]]"
143,CUST00345,ussd_user,1,0.2911,txn,No urgent action; continue routine monitoring.,,0.2597,1.3041,,,,0.40742653608322144,other,"why did you charge me 1,500 naira extra on",0.2808005520481129,"[[""avg_resolution_delay"", -0.1529], [""failed_transfers_count"", -0.0618], [""days_since_last_complaint"", 0.0551]]"
144,CUST00095,ussd_user,1,0.2843,text,No urgent action; continue routine monitoring.,0.9139,,0.6167,0.38994118571281433,other,The bank charged me twice for the same.,,,,0.20991335081843182,"[[""txn_frequency_change"", -0.2773], [""avg_resolution_delay"", -0.168], [""app_sessions_change"", -0.1177]]"
145,CUST00423,ussd_user,1,0.2814,text,No urgent action; continue routine monitoring.,0.8337,0.1171,0.5656,0.38286474347114563,card_declined,My debit card was declined at the POS terminal on 10.,0.3126732409000397,other,please can you send me,0.20722116957856648,"[[""avg_resolution_delay"", -0.2939], [""app_sessions_change"", -0.1228], [""txn_frequency_change"", -0.0933]]"
146,CUST00710,mobile_app_user,0,0.2804,text,No urgent action; continue routine monitoring.,0.8139,0.1584,0.5395,0.37377864122390747,other,"I wanted to confirm my new debit card has been activated, thanks for the help.",0.42286306619644165,app_downtime,the app has been down since 21 July i cannot send money at all please fix it,0.19764543495282805,"[[""txn_frequency_change"", -0.4331], [""avg_resolution_delay"", -0.1428], [""days_since_last_complaint"", -0.0311]]"
147,CUST00740,ussd_user,0,0.2756,txn,No urgent action; continue routine monitoring.,,,1.4878,,,,,,,0.2816987767824542,"[[""txn_frequency_change"", -0.1995], [""app_sessions_change"", -0.0904], [""avg_resolution_delay"", 0.0703]]"
148,CUST00411,ussd_user,0,0.2749,text,No urgent action; continue routine monitoring.,1.017,,0.4669,0.4339231252670288,other,I sent money using USSD on 04 August and it said.,,,,0.15893913369213364,"[[""txn_frequency_change"", -0.3904], [""avg_resolution_delay"", -0.2343], [""app_sessions_change"", -0.1847]]"
149,CUST00745,ussd_user,0,0.2747,txn,No urgent action; continue routine monitoring.,0.7388,,0.7444,0.31522080302238464,other,Just checking my account balance and.,,,,0.2533932382698821,"[[""days_since_last_complaint"", 0.4147], [""txn_frequency_change"", -0.3731], [""avg_resolution_delay"", -0.2553]]"
150,CUST00766,mobile_app_user,0,0.2745,text,No urgent action; continue routine monitoring.,0.8761,,0.606,0.37377864122390747,other,"I wanted to confirm my new debit card has been activated, thanks for the help.",,,,0.20627329370152095,"[[""txn_frequency_change"", -0.2823], [""avg_resolution_delay"", -0.1923], [""failed_transfers_count"", -0.0618]]"
151,CUST00072,ussd_user,0,0.2738,text,No urgent action; continue routine monitoring.,0.9636,,0.5151,0.41111472249031067,other,I'm satisfied with how my last.,,,,0.17532952292201504,"[[""txn_frequency_change"", -0.5313], [""avg_resolution_delay"", -0.1764], [""app_sessions_change"", -0.1085]]"
152,CUST00443,ussd_user,1,0.2733,text,No urgent action; continue routine monitoring.,0.878,,0.5978,0.37462833523750305,delayed_refund,"The reversal for my 65,000 naira failed transfer on.",,,,0.20348134450271405,"[[""txn_frequency_change"", -0.3022], [""avg_resolution_delay"", -0.2821], [""days_since_last_complaint"", 0.1274]]"
153,CUST00877,ussd_user,0,0.2699,text,No urgent action; continue routine monitoring.,0.8305,,0.6285,0.3543267548084259,other,I wanted to confirm my new debit.,,,,0.21393313940618408,"[[""txn_frequency_change"", -0.2845], [""avg_resolution_delay"", -0.1193], [""failed_transfers_count"", -0.0618]]"
154,CUST00047,mobile_app_user,0,0.2678,txn,No urgent action; continue routine monitoring.,,,1.4484,,,,,,,0.27422613695624426,"[[""avg_resolution_delay"", -0.1328], [""app_sessions_change"", -0.1025], [""failed_transfers_count"", -0.0618]]"
155,CUST00244,mobile_app_user,0,0.2645,txn,No urgent action; continue routine monitoring.,,0.235,1.1965,,,,0.368688702583313,other,i just want to update my phone number when you are less busy,0.25761426092776374,"[[""avg_resolution_delay"", -0.2116], [""app_sessions_change"", -0.1188], [""failed_transfers_count"", -0.0618]]"
156,CUST00451,ussd_user,0,0.2645,txn,No urgent action; continue routine monitoring.,0.5076,0.1654,0.7586,0.2330922782421112,other,The app has been working well.,0.44166502356529236,other,"somebody took 65,000 naira from my account on 29",0.2779156154067359,"[[""days_since_last_complaint"", 0.4443], [""txn_frequency_change"", -0.2431], [""avg_resolution_delay"", -0.2167]]"
157,CUST00350,mobile_app_user,0,0.2626,text,No urgent action; continue routine monitoring.,0.8761,,0.5454,0.37377864122390747,other,"I wanted to confirm my new debit card has been activated, thanks for the help.",,,,0.18564517089848104,"[[""txn_frequency_change"", -0.3993], [""avg_resolution_delay"", -0.1982], [""failed_transfers_count"", -0.0618]]"
158,CUST00157,ussd_user,0,0.2623,text,No urgent action; continue routine monitoring.,0.8354,,0.5848,0.35643383860588074,other,I would like to update my phone.,,,,0.19904097197981427,"[[""avg_resolution_delay"", -0.2477], [""txn_frequency_change"", -0.211], [""app_sessions_change"", -0.0915]]"
159,CUST00536,ussd_user,0,0.2605,text,No urgent action; continue routine monitoring.,0.7415,0.1431,0.526,0.3405230939388275,other,Please can you confirm if my.,0.3820650279521942,card_declined,my card was declined at the pos on 24 July,0.19271753733514313,"[[""txn_frequency_change"", -0.2847], [""app_sessions_change"", -0.1903], [""avg_resolution_delay"", -0.1655]]"
160,CUST00819,mobile_app_user,0,0.2566,txn,No urgent action; continue routine monitoring.,0.6651,,0.7253,0.2837611138820648,other,"The app has been working well for me lately, no issues to report.",,,,0.24688918582985506,"[[""txn_frequency_change"", -0.2248], [""app_sessions_change"", -0.1025], [""avg_resolution_delay"", -0.0967]]"
161,CUST00311,ussd_user,0,0.2556,text,No urgent action; continue routine monitoring.,0.7981,,0.5868,0.3405230939388275,other,Please can you confirm if my.,,,,0.1997302675784649,"[[""txn_frequency_change"", -0.3573], [""app_sessions_change"", -0.1417], [""avg_resolution_delay"", -0.0908]]"
162,CUST00201,mobile_app_user,0,0.2551,text,No urgent action; continue routine monitoring.,0.6721,0.17,0.5403,0.30866000056266785,other,I would like to update my phone number linked to my account when convenient.,0.4538024067878723,unfair_charge,"i was charged twice on 13 July that is like 1,500 naira extra please can you check it",0.19794244921348378,"[[""txn_frequency_change"", -0.2975], [""avg_resolution_delay"", -0.1949], [""app_sessions_change"", -0.1204]]"
163,CUST00434,ussd_user,0,0.2543,text,No urgent action; continue routine monitoring.,0.8305,,0.5476,0.3543267548084259,other,I wanted to confirm my new debit.,,,,0.18639601703823389,"[[""txn_frequency_change"", -0.5694], [""avg_resolution_delay"", -0.1764], [""days_since_last_complaint"", 0.1441]]"
164,CUST00058,ussd_user,0,0.2511,text,No urgent action; continue routine monitoring.,0.8305,,0.5306,0.3543267548084259,other,I wanted to confirm my new debit.,,,,0.18060647837777508,"[[""txn_frequency_change"", -0.3547], [""avg_resolution_delay"", -0.1823], [""app_sessions_change"", -0.1591]]"
165,CUST00602,ussd_user,0,0.25,txn,No urgent action; continue routine monitoring.,,,1.3552,,,,,,,0.2565845590742065,"[[""txn_frequency_change"", -0.2636], [""avg_resolution_delay"", -0.0883], [""app_sessions_change"", -0.0527]]"
166,CUST00148,ussd_user,0,0.2492,text,No urgent action; continue routine monitoring.,1.3513,,,0.2558504641056061,other,Thank you for resolving my last.,,,,,
167,CUST00606,ussd_user,0,0.2489,text,No urgent action; continue routine monitoring.,0.6864,0.1868,0.4763,0.31522080302238464,other,Just checking my account balance and.,0.4986060559749603,other,"please i saw a debit of 65,000 naira i did",0.1745077261339781,"[[""txn_frequency_change"", -0.3365], [""avg_resolution_delay"", -0.2662], [""app_sessions_change"", -0.1709]]"
168,CUST00806,ussd_user,0,0.2467,txn,No urgent action; continue routine monitoring.,,,1.3377,,,,,,,0.25326532474666913,"[[""txn_frequency_change"", -0.3035], [""days_since_last_complaint"", 0.2018], [""app_sessions_change"", -0.0981]]"
169,CUST00383,ussd_user,0,0.2419,txn,No urgent action; continue routine monitoring.,0.5571,0.1564,0.5981,0.2558504641056061,other,Thank you for resolving my last.,0.417556494474411,unfair_charge,i was charged twice on 14 August that is,0.2191131885519116,"[[""avg_resolution_delay"", -0.2209], [""txn_frequency_change"", -0.1538], [""app_sessions_change"", -0.1032]]"
170,CUST00875,ussd_user,0,0.2417,txn,No urgent action; continue routine monitoring.,0.5463,,0.7645,0.2330922782421112,other,The app has been working well.,,,,0.26022552851693337,"[[""avg_resolution_delay"", -0.2041], [""txn_frequency_change"", 0.0695], [""app_sessions_change"", -0.0679]]"
171,CUST00530,mobile_app_user,1,0.2415,text,No urgent action; continue routine monitoring.,0.7234,,0.586,0.30866000056266785,other,I would like to update my phone number linked to my account when convenient.,,,,0.19946601484660426,"[[""avg_resolution_delay"", -0.2335], [""app_sessions_change"", -0.1976], [""txn_frequency_change"", -0.1102]]"
172,CUST00242,ussd_user,0,0.2406,txn,No urgent action; continue routine monitoring.,0.5076,0.1171,0.6798,0.2330922782421112,other,The app has been working well.,0.3126732409000397,other,please can you send me,0.24903526656311012,"[[""avg_resolution_delay"", -0.1546], [""txn_frequency_change"", -0.1542], [""days_since_last_complaint"", 0.0885]]"
173,CUST00071,ussd_user,0,0.2386,text,No urgent action; continue routine monitoring.,0.6775,,0.6163,0.2890489995479584,other,Can I get a statement of.,,,,0.20978248993939644,"[[""avg_resolution_delay"", -0.2628], [""txn_frequency_change"", -0.1644], [""failed_transfers_count"", -0.0618]]"
174,CUST00281,mobile_app_user,0,0.2375,text,No urgent action; continue routine monitoring.,0.6721,0.1381,0.4776,0.30866000056266785,other,I would like to update my phone number linked to my account when convenient.,0.368688702583313,other,i just want to update my phone number when you are less busy,0.17496984693353773,"[[""txn_frequency_change"", -0.3536], [""avg_resolution_delay"", -0.3048], [""failed_transfers_count"", -0.0618]]"
175,CUST00027,ussd_user,0,0.2371,text,No urgent action; continue routine monitoring.,0.7415,0.1558,0.388,0.3405230939388275,other,Please can you confirm if my.,0.41608235239982605,unfair_charge,i was charged twice on 18 August that is,0.14214444772898177,"[[""txn_frequency_change"", -0.6709], [""avg_resolution_delay"", -0.1319], [""app_sessions_change"", -0.1169]]"
176,CUST00741,ussd_user,0,0.2356,txn,No urgent action; continue routine monitoring.,,,1.2768,,,,,,,0.241747379251076,"[[""txn_frequency_change"", -0.125], [""avg_resolution_delay"", -0.1093], [""app_sessions_change"", -0.0641]]"
177,CUST00697,ussd_user,0,0.2355,text,No urgent action; continue routine monitoring.,0.5571,0.1645,0.5551,0.2558504641056061,other,Thank you for resolving my last.,0.43920063972473145,delayed_refund,"i am still waiting for 1,500 naira reversal from",0.20335520415253086,"[[""txn_frequency_change"", -0.2212], [""avg_resolution_delay"", -0.1772], [""app_sessions_change"", -0.1659]]"
178,CUST00485,mobile_app_user,0,0.235,txn,No urgent action; continue routine monitoring.,,0.2883,0.9855,,,,0.45236971974372864,unauthorised_deduction,"somebody took 8,000 naira from my account on 19 July i did not authorise it at all please",0.21218862497514704,"[[""txn_frequency_change"", -0.3839], [""app_sessions_change"", -0.1152], [""avg_resolution_delay"", -0.0883]]"
179,CUST00508,ussd_user,0,0.2348,text,No urgent action; continue routine monitoring.,0.7981,,0.4747,0.3405230939388275,other,Please can you confirm if my.,,,,0.16158333367841754,"[[""txn_frequency_change"", -0.5101], [""avg_resolution_delay"", -0.2276], [""app_sessions_change"", -0.1985]]"
180,CUST00797,mobile_app_user,0,0.2337,txn,No urgent action; continue routine monitoring.,,,1.2667,,,,,,,0.23982848957664696,"[[""txn_frequency_change"", -0.3703], [""days_since_last_complaint"", 0.3223], [""avg_resolution_delay"", -0.1772]]"
181,CUST00018,ussd_user,0,0.2327,txn,No urgent action; continue routine monitoring.,,,1.261,,,,,,,0.23875506208606384,"[[""avg_resolution_delay"", -0.2083], [""app_sessions_change"", -0.1765], [""failed_transfers_count"", -0.0618]]"
182,CUST00849,mobile_app_user,0,0.2324,txn,No urgent action; continue routine monitoring.,,0.2733,0.9861,,,,0.42877593636512756,delayed_refund,"i am still waiting for 25,000 naira reversal from 23 August please when will it enter my account",0.21231086531275287,"[[""txn_frequency_change"", -0.2032], [""avg_resolution_delay"", -0.1839], [""app_sessions_change"", -0.1205]]"
183,CUST00614,mobile_app_user,0,0.2294,txn,No urgent action; continue routine monitoring.,,,1.2422,,,,,,,0.23518254791257368,"[[""txn_frequency_change"", -0.2866], [""days_since_last_complaint"", 0.2423], [""app_sessions_change"", -0.1657]]"
184,CUST00208,mobile_app_user,0,0.229,text,No urgent action; continue routine monitoring.,0.5761,0.1647,0.4994,0.2645656168460846,other,"Just checking my account balance and recent transactions, everything looks fine.",0.4398208558559418,other,"i sent money since 21 July the app say failed but my balance don reduce by 25,000 naira please help me",0.18295083722291045,"[[""txn_frequency_change"", -0.4574], [""avg_resolution_delay"", -0.1764], [""app_sessions_change"", -0.0928]]"
185,CUST00637,mobile_app_user,0,0.2288,txn,No urgent action; continue routine monitoring.,,,1.2389,,,,,,,0.23455907960657818,"[[""txn_frequency_change"", -0.1852], [""app_sessions_change"", -0.129], [""avg_resolution_delay"", -0.126]]"
186,CUST00243,mobile_app_user,0,0.2283,txn,No urgent action; continue routine monitoring.,,,1.2363,,,,,,,0.23407746515329084,"[[""txn_frequency_change"", -0.3503], [""days_since_last_complaint"", 0.3052], [""avg_resolution_delay"", -0.2452]]"
187,CUST00193,mobile_app_user,0,0.2267,text,No urgent action; continue routine monitoring.,0.6201,,0.6068,0.2645656168460846,other,"Just checking my account balance and recent transactions, everything looks fine.",,,,0.2065265981200275,"[[""txn_frequency_change"", -0.1934], [""avg_resolution_delay"", -0.1621], [""app_sessions_change"", -0.1533]]"
188,CUST00535,mobile_app_user,0,0.2254,txn,No urgent action; continue routine monitoring.,,0.2693,0.9502,,,,0.42261236906051636,app_downtime,the app has been down since 26 July i cannot send money at all please fix it,0.2045875814684234,"[[""txn_frequency_change"", -0.3831], [""avg_resolution_delay"", -0.1932], [""failed_transfers_count"", -0.0618]]"
189,CUST00178,ussd_user,1,0.2246,txn,No urgent action; continue routine monitoring.,0.5076,0.1242,0.5834,0.2330922782421112,other,The app has been working well.,0.33147820830345154,other,good afternoon i just want,0.2137215405906278,"[[""avg_resolution_delay"", -0.241], [""txn_frequency_change"", -0.1438], [""app_sessions_change"", -0.099]]"
190,CUST00785,mobile_app_user,1,0.2245,txn,No urgent action; continue routine monitoring.,,0.2993,0.9151,,,,0.46964627504348755,unauthorised_deduction,"please i saw a debit of 12,000 naira i did not do this on 17 July i need this checked urgently",0.19702857970006404,"[[""avg_resolution_delay"", -0.2704], [""txn_frequency_change"", -0.2513], [""app_sessions_change"", -0.0721]]"
191,CUST00376,ussd_user,0,0.221,text,No urgent action; continue routine monitoring.,0.6294,0.1397,0.4248,0.2890489995479584,other,Can I get a statement of.,0.37310001254081726,other,i just want to update my,0.1556211212600761,"[[""txn_frequency_change"", -0.5176], [""app_sessions_change"", -0.2203], [""avg_resolution_delay"", -0.1529]]"
192,CUST00304,ussd_user,1,0.2207,txn,No urgent action; continue routine monitoring.,,,1.1926,,,,,,,0.22579100248297937,"[[""avg_resolution_delay"", -0.241], [""app_sessions_change"", -0.1402], [""failed_transfers_count"", -0.0618]]"
193,CUST00705,ussd_user,0,0.2185,txn,No urgent action; continue routine monitoring.,,,1.1795,,,,,,,0.2233108471201367,"[[""avg_resolution_delay"", -0.2628], [""txn_frequency_change"", -0.1692], [""app_sessions_change"", -0.0544]]"
194,CUST00340,mobile_app_user,0,0.2184,txn,No urgent action; continue routine monitoring.,0.317,,0.8619,0.1352357566356659,other,"Please can you confirm if my salary alert came in today, thank you.",,,,0.2933593659942067,"[[""avg_resolution_delay"", -0.1521], [""days_since_last_complaint"", 0.1255], [""app_sessions_change"", -0.0488]]"
195,CUST00327,mobile_app_user,1,0.2141,txn,No urgent action; continue routine monitoring.,0.4255,,0.7283,0.18155083060264587,other,"Thank you for resolving my last complaint quickly, I appreciate the support.",,,,0.24790426679312702,"[[""txn_frequency_change"", -0.1568], [""avg_resolution_delay"", -0.1521], [""app_sessions_change"", -0.0606]]"
196,CUST00066,ussd_user,0,0.214,txn,No urgent action; continue routine monitoring.,,0.1453,1.0077,,,,0.22792907059192657,other,thank you for helping me,0.2169651033407235,"[[""txn_frequency_change"", -0.2858], [""avg_resolution_delay"", -0.2167], [""days_since_last_complaint"", 0.1014]]"
197,CUST00214,ussd_user,0,0.2103,txn,No urgent action; continue routine monitoring.,,0.2378,0.8931,,,,0.37310001254081726,other,i just want to update my,0.19229941772277356,"[[""txn_frequency_change"", -0.4188], [""avg_resolution_delay"", -0.22], [""app_sessions_change"", -0.1584]]"
198,CUST00059,mobile_app_user,0,0.2072,txn,No urgent action; continue routine monitoring.,,,1.1123,,,,,,,0.21059095651404686,"[[""txn_frequency_change"", -0.4277], [""days_since_last_complaint"", 0.1645], [""avg_resolution_delay"", -0.1487]]"
199,CUST00429,ussd_user,0,0.2068,txn,No urgent action; continue routine monitoring.,,0.2435,0.8663,,,,0.38207003474235535,card_declined,my card was declined at the pos on 04 August,0.18653053150977528,"[[""txn_frequency_change"", -0.3076], [""avg_resolution_delay"", -0.1479], [""app_sessions_change"", -0.1451]]"
200,CUST00028,mobile_app_user,0,0.2054,text,No urgent action; continue routine monitoring.,0.6201,,0.4813,0.2645656168460846,other,"Just checking my account balance and recent transactions, everything looks fine.",,,,0.16383564725765343,"[[""avg_resolution_delay"", -0.2687], [""app_sessions_change"", -0.2569], [""txn_frequency_change"", -0.2309]]"
201,CUST00858,mobile_app_user,0,0.2044,txn,No urgent action; continue routine monitoring.,,,1.0949,,,,,,,0.20729669505495274,"[[""txn_frequency_change"", -0.3467], [""avg_resolution_delay"", -0.1848], [""app_sessions_change"", -0.0659]]"
202,CUST00793,ussd_user,0,0.2039,txn,No urgent action; continue routine monitoring.,,,1.092,,,,,,,0.20675789516963036,"[[""txn_frequency_change"", -0.2359], [""avg_resolution_delay"", -0.2259], [""app_sessions_change"", -0.0583]]"
203,CUST00514,ussd_user,0,0.2036,txn,No urgent action; continue routine monitoring.,,0.262,0.8281,,,,0.4111029803752899,other,"why did you charge me 5,000 naira extra on",0.17830107282276933,"[[""txn_frequency_change"", -0.3807], [""app_sessions_change"", -0.1913], [""avg_resolution_delay"", -0.1655]]"
204,CUST00626,ussd_user,1,0.2025,txn,No urgent action; continue routine monitoring.,,0.2583,0.8253,,,,0.4052765965461731,other,"good day please my transfer of 65,000 naira on 16",0.17769150749027604,"[[""txn_frequency_change"", -0.4502], [""avg_resolution_delay"", -0.1563], [""failed_transfers_count"", -0.0618]]"
205,CUST00896,mobile_app_user,0,0.2018,txn,No urgent action; continue routine monitoring.,,,1.079,,,,,,,0.20429304249162106,"[[""txn_frequency_change"", -0.3284], [""avg_resolution_delay"", -0.2628], [""failed_transfers_count"", -0.0618]]"
206,CUST00152,mobile_app_user,0,0.2016,txn,No urgent action; continue routine monitoring.,,,1.0775,,,,,,,0.20400478639811945,"[[""txn_frequency_change"", -0.3707], [""app_sessions_change"", -0.1862], [""avg_resolution_delay"", -0.1093]]"
207,CUST00749,ussd_user,1,0.1971,txn,No urgent action; continue routine monitoring.,,,1.0493,,,,,,,0.19866357852907363,"[[""txn_frequency_change"", -0.2058], [""avg_resolution_delay"", -0.1982], [""app_sessions_change"", -0.1148]]"
208,CUST00266,mobile_app_user,0,0.1964,txn,No urgent action; continue routine monitoring.,0.5029,,0.5423,0.2145872712135315,other,Can I get a statement of account for the last three months please.,,,,0.18459825952918738,"[[""avg_resolution_delay"", -0.2838], [""txn_frequency_change"", -0.2597], [""app_sessions_change"", -0.1174]]"
209,CUST00735,ussd_user,0,0.1959,txn,No urgent action; continue routine monitoring.,,,1.0419,,,,,,,0.19726036935987415,"[[""txn_frequency_change"", -0.4193], [""avg_resolution_delay"", -0.1588], [""app_sessions_change"", -0.0673]]"
210,CUST00531,ussd_user,1,0.1941,txn,No urgent action; continue routine monitoring.,,,1.0303,,,,,,,0.19507770644744382,"[[""txn_frequency_change"", -0.279], [""avg_resolution_delay"", -0.22], [""app_sessions_change"", -0.1273]]"
211,CUST00719,ussd_user,0,0.1926,txn,No urgent action; continue routine monitoring.,,,1.0207,,,,,,,0.19325239430207544,"[[""avg_resolution_delay"", -0.2762], [""txn_frequency_change"", -0.2437], [""app_sessions_change"", -0.1815]]"
212,CUST00840,mobile_app_user,0,0.1871,txn,No urgent action; continue routine monitoring.,,,0.9853,,,,,,,0.1865579381989063,"[[""txn_frequency_change"", -0.3586], [""app_sessions_change"", -0.1434], [""avg_resolution_delay"", -0.1336]]"
213,CUST00129,mobile_app_user,0,0.1842,txn,No urgent action; continue routine monitoring.,,,0.9662,,,,,,,0.18293095898939313,"[[""txn_frequency_change"", -0.2922], [""avg_resolution_delay"", -0.2158], [""app_sessions_change"", -0.1247]]"
214,CUST00004,mobile_app_user,0,0.1836,txn,No urgent action; continue routine monitoring.,,,0.962,,,,,,,0.18213762414316928,"[[""txn_frequency_change"", -0.3776], [""avg_resolution_delay"", -0.2326], [""app_sessions_change"", -0.1224]]"
215,CUST00758,mobile_app_user,0,0.1835,txn,No urgent action; continue routine monitoring.,,,0.9613,,,,,,,0.1820035618737706,"[[""txn_frequency_change"", -0.2662], [""app_sessions_change"", -0.2296], [""avg_resolution_delay"", -0.1848]]"
216,CUST00159,ussd_user,1,0.1826,txn,No urgent action; continue routine monitoring.,,,0.955,,,,,,,0.1808218594934017,"[[""txn_frequency_change"", -0.3583], [""avg_resolution_delay"", -0.2788], [""app_sessions_change"", -0.0472]]"
217,CUST00820,ussd_user,0,0.1791,txn,No urgent action; continue routine monitoring.,,,0.9316,,,,,,,0.1763738776745729,"[[""txn_frequency_change"", -0.4866], [""avg_resolution_delay"", -0.2603], [""days_since_last_complaint"", 0.1116]]"
218,CUST00880,mobile_app_user,0,0.1785,txn,No urgent action; continue routine monitoring.,,,0.9274,,,,,,,0.17558217820165573,"[[""txn_frequency_change"", -0.3614], [""avg_resolution_delay"", -0.2477], [""app_sessions_change"", -0.1569]]"
219,CUST00490,ussd_user,0,0.1729,txn,No urgent action; continue routine monitoring.,,,0.8887,,,,,,,0.16825258458372244,"[[""avg_resolution_delay"", -0.3014], [""txn_frequency_change"", -0.2918], [""app_sessions_change"", -0.1275]]"
220,CUST00381,mobile_app_user,0,0.172,txn,No urgent action; continue routine monitoring.,,,0.8827,,,,,,,0.1671313152776028,"[[""txn_frequency_change"", -0.4312], [""avg_resolution_delay"", -0.2393], [""app_sessions_change"", -0.2028]]"
221,CUST00562,mobile_app_user,0,0.1695,txn,No urgent action; continue routine monitoring.,,,0.865,,,,,,,0.1637732025043281,"[[""txn_frequency_change"", -0.457], [""avg_resolution_delay"", -0.3048], [""failed_transfers_count"", -0.0618]]"
222,CUST00238,mobile_app_user,0,0.1671,txn,No urgent action; continue routine monitoring.,,,0.8477,,,,,,,0.16049562085161986,"[[""txn_frequency_change"", -0.4461], [""avg_resolution_delay"", -0.2108], [""app_sessions_change"", -0.1652]]"
223,CUST00492,mobile_app_user,0,0.1665,text,No urgent action; continue routine monitoring.,0.4255,,0.4178,0.18155083060264587,other,"Thank you for resolving my last complaint quickly, I appreciate the support.",,,,0.14221757130457086,"[[""txn_frequency_change"", -0.7448], [""avg_resolution_delay"", -0.1604], [""app_sessions_change"", -0.0972]]"
224,CUST00039,ussd_user,0,0.1644,txn,No urgent action; continue routine monitoring.,,,0.8284,,,,,,,0.15684100829112024,"[[""txn_frequency_change"", -0.3182], [""avg_resolution_delay"", -0.3048], [""app_sessions_change"", -0.2026]]"
225,CUST00135,ussd_user,0,0.1545,txn,No urgent action; continue routine monitoring.,,,0.7545,,,,,,,0.1428489692217666,"[[""txn_frequency_change"", -0.4576], [""app_sessions_change"", -0.3045], [""avg_resolution_delay"", -0.2385]]"
